{
  "type": "FeatureCollection",
  "generator": "overpass-turbo",
  "copyright": "The data included in this document is from www.openstreetmap.org. The data is made available under ODbL.",
  "timestamp": "2026-05-22T00:13:37Z",
  "features": [
    {
      "type": "Feature",
      "properties": {
        "@id": "way/85049460",
        "highway": "secondary",
        "name": "Carrera 4"
      },
      "geometry": {
        "type": "LineString",
        "coordinates": [
          [
            -73.2425324,
            10.4775122
          ],
          [
            -73.2425614,
            10.4775369
          ],
          [
            -73.2427706,
            10.477744
          ],
          [
            -73.2428377,
            10.4778376
          ],
          [
            -73.2428964,
            10.4779415
          ],
          [
            -73.243006,
            10.478199
          ],
          [
            -73.243046,
            10.478297
          ],
          [
            -73.243092,
            10.478393
          ],
          [
            -73.243144,
            10.478485
          ],
          [
            -73.2433865,
            10.4789135
          ],
          [
            -73.2437038,
            10.479427
          ],
          [
            -73.243931,
            10.4798
          ],
          [
            -73.2444601,
            10.4807006
          ],
          [
            -73.2450508,
            10.4816702
          ],
          [
            -73.2452476,
            10.4820032
          ],
          [
            -73.2456924,
            10.4826511
          ],
          [
            -73.2458538,
            10.4828954
          ]
        ]
      },
      "id": "way/85049460"
    },
    {
      "type": "Feature",
      "properties": {
        "@id": "way/85049746",
        "highway": "residential",
        "name": "Carrera 13"
      },
      "geometry": {
        "type": "LineString",
        "coordinates": [
          [
            -73.250467,
            10.472607
          ],
          [
            -73.2500795,
            10.4719988
          ],
          [
            -73.250042,
            10.47194
          ],
          [
            -73.249551,
            10.471241
          ],
          [
            -73.249494,
            10.471145
          ],
          [
            -73.249183,
            10.4706581
          ],
          [
            -73.2486353,
            10.4698484
          ],
          [
            -73.2485936,
            10.4697866
          ],
          [
            -73.2479883,
            10.4689579
          ],
          [
            -73.2474742,
            10.4682414
          ],
          [
            -73.2470768,
            10.4676642
          ],
          [
            -73.2467172,
            10.4670849
          ]
        ]
      },
      "id": "way/85049746"
    },
    {
      "type": "Feature",
      "properties": {
        "@id": "way/85050154",
        "highway": "secondary",
        "mechanical": "yes",
        "name": "Diagonal 21",
        "oneway": "yes"
      },
      "geometry": {
        "type": "LineString",
        "coordinates": [
          [
            -73.2527161,
            10.4653305
          ],
          [
            -73.2526995,
            10.4654078
          ],
          [
            -73.2526686,
            10.4655238
          ],
          [
            -73.2525981,
            10.4657952
          ],
          [
            -73.252445,
            10.4662332
          ],
          [
            -73.2520506,
            10.4675418
          ],
          [
            -73.25199,
            10.467828
          ],
          [
            -73.2516566,
            10.4689422
          ],
          [
            -73.2516086,
            10.4691076
          ],
          [
            -73.2515759,
            10.4692053
          ],
          [
            -73.2514255,
            10.469654
          ],
          [
            -73.2512977,
            10.4700355
          ],
          [
            -73.2512714,
            10.4701211
          ],
          [
            -73.251235,
            10.4702332
          ],
          [
            -73.2509149,
            10.4713161
          ],
          [
            -73.2508433,
            10.4715594
          ],
          [
            -73.2507237,
            10.4720074
          ],
          [
            -73.2506956,
            10.4720903
          ],
          [
            -73.2506386,
            10.4722385
          ],
          [
            -73.2505549,
            10.4724375
          ],
          [
            -73.250467,
            10.472607
          ],
          [
            -73.2503622,
            10.4727749
          ],
          [
            -73.2502428,
            10.4729496
          ],
          [
            -73.2501561,
            10.4730639
          ],
          [
            -73.2500419,
            10.4731983
          ],
          [
            -73.2497136,
            10.47343
          ]
        ]
      },
      "id": "way/85050154"
    },
    {
      "type": "Feature",
      "properties": {
        "@id": "way/85050227",
        "highway": "residential",
        "name": "Calle 15"
      },
      "geometry": {
        "type": "LineString",
        "coordinates": [
          [
            -73.2552559,
            10.4711609
          ],
          [
            -73.2557619,
            10.4708729
          ]
        ]
      },
      "id": "way/85050227"
    },
    {
      "type": "Feature",
      "properties": {
        "@id": "way/85050277",
        "highway": "residential"
      },
      "geometry": {
        "type": "LineString",
        "coordinates": [
          [
            -73.2427716,
            10.479986
          ],
          [
            -73.2423463,
            10.480181
          ],
          [
            -73.2421696,
            10.4803012
          ],
          [
            -73.241921,
            10.480479
          ],
          [
            -73.2418136,
            10.4805798
          ],
          [
            -73.2415676,
            10.480735
          ],
          [
            -73.2414907,
            10.4807269
          ],
          [
            -73.2414137,
            10.4807693
          ],
          [
            -73.2412569,
            10.4808403
          ],
          [
            -73.241119,
            10.481056
          ]
        ]
      },
      "id": "way/85050277"
    },
    {
      "type": "Feature",
      "properties": {
        "@id": "way/85050530",
        "highway": "secondary",
        "name": "Carrera 4",
        "oneway": "yes"
      },
      "geometry": {
        "type": "LineString",
        "coordinates": [
          [
            -73.2425324,
            10.4775122
          ],
          [
            -73.2425154,
            10.4774584
          ],
          [
            -73.2424185,
            10.4773547
          ],
          [
            -73.2420938,
            10.47703
          ],
          [
            -73.2411628,
            10.4760415
          ],
          [
            -73.2407723,
            10.4756204
          ],
          [
            -73.2402559,
            10.4750022
          ],
          [
            -73.2390624,
            10.473435
          ],
          [
            -73.2384813,
            10.4726818
          ],
          [
            -73.2378307,
            10.471849
          ],
          [
            -73.2371589,
            10.4709406
          ],
          [
            -73.2365012,
            10.4700226
          ],
          [
            -73.2358156,
            10.4691333
          ],
          [
            -73.2355476,
            10.4687995
          ],
          [
            -73.2353583,
            10.4685617
          ],
          [
            -73.2349735,
            10.4680547
          ],
          [
            -73.2346418,
            10.4675886
          ],
          [
            -73.2342842,
            10.4671415
          ],
          [
            -73.2339232,
            10.4666914
          ],
          [
            -73.2336431,
            10.466325
          ],
          [
            -73.2332547,
            10.4658116
          ],
          [
            -73.2327481,
            10.4651462
          ],
          [
            -73.2327343,
            10.4651281
          ],
          [
            -73.2326558,
            10.4650648
          ],
          [
            -73.2325413,
            10.46496
          ]
        ]
      },
      "id": "way/85050530"
    },
    {
      "type": "Feature",
      "properties": {
        "@id": "way/85050787",
        "highway": "residential",
        "name": "Calle 18",
        "oneway": "yes"
      },
      "geometry": {
        "type": "LineString",
        "coordinates": [
          [
            -73.2520506,
            10.4675418
          ],
          [
            -73.2518349,
            10.4676648
          ],
          [
            -73.2511323,
            10.4681313
          ],
          [
            -73.2502655,
            10.4687027
          ],
          [
            -73.249305,
            10.469317
          ],
          [
            -73.2485936,
            10.4697866
          ],
          [
            -73.2476762,
            10.4703852
          ],
          [
            -73.2475764,
            10.4704507
          ]
        ]
      },
      "id": "way/85050787"
    },
    {
      "type": "Feature",
      "properties": {
        "@id": "way/85051534",
        "highway": "residential"
      },
      "geometry": {
        "type": "LineString",
        "coordinates": [
          [
            -73.2413684,
            10.4803428
          ],
          [
            -73.2415254,
            10.4801681
          ],
          [
            -73.2418493,
            10.4799326
          ],
          [
            -73.242222,
            10.479685
          ]
        ]
      },
      "id": "way/85051534"
    },
    {
      "type": "Feature",
      "properties": {
        "@id": "way/85051721",
        "highway": "residential"
      },
      "geometry": {
        "type": "LineString",
        "coordinates": [
          [
            -73.2439661,
            10.4809772
          ],
          [
            -73.2434713,
            10.4800935
          ],
          [
            -73.243084,
            10.479532
          ],
          [
            -73.2428788,
            10.4792023
          ],
          [
            -73.2423127,
            10.4783415
          ],
          [
            -73.2420478,
            10.4778883
          ],
          [
            -73.2418041,
            10.4773543
          ],
          [
            -73.2417188,
            10.4772538
          ],
          [
            -73.2415444,
            10.477151
          ],
          [
            -73.2413459,
            10.4769769
          ],
          [
            -73.2410831,
            10.4767869
          ]
        ]
      },
      "id": "way/85051721"
    },
    {
      "type": "Feature",
      "properties": {
        "@id": "way/85051802",
        "highway": "residential"
      },
      "geometry": {
        "type": "LineString",
        "coordinates": [
          [
            -73.256021,
            10.477345
          ],
          [
            -73.25628,
            10.477181
          ]
        ]
      },
      "id": "way/85051802"
    },
    {
      "type": "Feature",
      "properties": {
        "@id": "way/85051926",
        "highway": "residential"
      },
      "geometry": {
        "type": "LineString",
        "coordinates": [
          [
            -73.246017,
            10.468039
          ],
          [
            -73.2459281,
            10.467982
          ],
          [
            -73.2457509,
            10.4677536
          ],
          [
            -73.2454174,
            10.4672781
          ]
        ]
      },
      "id": "way/85051926"
    },
    {
      "type": "Feature",
      "properties": {
        "@id": "way/85052032",
        "highway": "residential",
        "name": "Carrera 14",
        "oneway": "yes"
      },
      "geometry": {
        "type": "LineString",
        "coordinates": [
          [
            -73.251347,
            10.472292
          ],
          [
            -73.2513817,
            10.472364
          ],
          [
            -73.2514835,
            10.4725287
          ],
          [
            -73.2515302,
            10.4725724
          ]
        ]
      },
      "id": "way/85052032"
    },
    {
      "type": "Feature",
      "properties": {
        "@id": "way/85052078",
        "highway": "tertiary",
        "name": "Carrera 12",
        "oneway": "yes"
      },
      "geometry": {
        "type": "LineString",
        "coordinates": [
          [
            -73.2497712,
            10.4735159
          ],
          [
            -73.2497136,
            10.47343
          ],
          [
            -73.2491638,
            10.4726112
          ],
          [
            -73.2491176,
            10.4725428
          ],
          [
            -73.2486632,
            10.4718526
          ],
          [
            -73.2486104,
            10.471779
          ],
          [
            -73.2482572,
            10.4712577
          ],
          [
            -73.247726,
            10.4704471
          ],
          [
            -73.2476762,
            10.4703852
          ],
          [
            -73.247112,
            10.469547
          ],
          [
            -73.2465567,
            10.4687176
          ],
          [
            -73.2461697,
            10.4681166
          ]
        ]
      },
      "id": "way/85052078"
    },
    {
      "type": "Feature",
      "properties": {
        "@id": "way/85052118",
        "highway": "tertiary",
        "lanes": "2",
        "name": "Calle 17",
        "oneway": "yes",
        "surface": "paved"
      },
      "geometry": {
        "type": "LineString",
        "coordinates": [
          [
            -73.2411628,
            10.4760415
          ],
          [
            -73.2416576,
            10.4756813
          ],
          [
            -73.2419654,
            10.4754651
          ],
          [
            -73.2422655,
            10.4752495
          ],
          [
            -73.2429856,
            10.4747167
          ],
          [
            -73.2436552,
            10.4742648
          ],
          [
            -73.2437205,
            10.4742207
          ]
        ]
      },
      "id": "way/85052118"
    },
    {
      "type": "Feature",
      "properties": {
        "@id": "way/85052186",
        "highway": "residential",
        "oneway": "yes"
      },
      "geometry": {
        "type": "LineString",
        "coordinates": [
          [
            -73.2502544,
            10.4742446
          ],
          [
            -73.2505356,
            10.474065
          ],
          [
            -73.2506238,
            10.4740086
          ],
          [
            -73.2518939,
            10.4730911
          ],
          [
            -73.2527534,
            10.4725163
          ],
          [
            -73.2534895,
            10.4720181
          ]
        ]
      },
      "id": "way/85052186"
    },
    {
      "type": "Feature",
      "properties": {
        "@id": "way/85052340",
        "highway": "secondary",
        "mechanical": "yes",
        "name": "Diagonal 21",
        "oneway": "yes"
      },
      "geometry": {
        "type": "LineString",
        "coordinates": [
          [
            -73.2497712,
            10.4735159
          ],
          [
            -73.2501235,
            10.4732398
          ],
          [
            -73.250387,
            10.472899
          ],
          [
            -73.2504705,
            10.4727623
          ],
          [
            -73.2505266,
            10.4726647
          ],
          [
            -73.2505968,
            10.4725295
          ],
          [
            -73.2506427,
            10.4724282
          ],
          [
            -73.2507089,
            10.4722626
          ],
          [
            -73.2507827,
            10.472082
          ],
          [
            -73.2508091,
            10.4719925
          ],
          [
            -73.2508972,
            10.4716212
          ],
          [
            -73.2513139,
            10.470335
          ],
          [
            -73.2513828,
            10.4701159
          ],
          [
            -73.2513981,
            10.4700549
          ],
          [
            -73.2516303,
            10.4692819
          ],
          [
            -73.2516965,
            10.4690676
          ],
          [
            -73.2517124,
            10.4690163
          ],
          [
            -73.2519499,
            10.4682475
          ],
          [
            -73.2522381,
            10.4672185
          ],
          [
            -73.2525331,
            10.4662438
          ],
          [
            -73.2526158,
            10.465961
          ],
          [
            -73.2527312,
            10.4656204
          ],
          [
            -73.2527704,
            10.4655594
          ],
          [
            -73.2528479,
            10.4654892
          ],
          [
            -73.2529278,
            10.4654504
          ]
        ]
      },
      "id": "way/85052340"
    },
    {
      "type": "Feature",
      "properties": {
        "@id": "way/85052444",
        "highway": "residential",
        "name": "Carrera 17A",
        "oneway": "yes"
      },
      "geometry": {
        "type": "LineString",
        "coordinates": [
          [
            -73.2558867,
            10.472057
          ],
          [
            -73.2552559,
            10.4711609
          ],
          [
            -73.2550425,
            10.4708932
          ],
          [
            -73.254553,
            10.4704255
          ]
        ]
      },
      "id": "way/85052444"
    },
    {
      "type": "Feature",
      "properties": {
        "@id": "way/85052807",
        "highway": "residential",
        "name": "Carrera 11A"
      },
      "geometry": {
        "type": "LineString",
        "coordinates": [
          [
            -73.2541613,
            10.4812533
          ],
          [
            -73.2537882,
            10.4807563
          ],
          [
            -73.2532154,
            10.4799264
          ],
          [
            -73.2526674,
            10.4790696
          ],
          [
            -73.2521875,
            10.4783961
          ],
          [
            -73.2517612,
            10.4777727
          ],
          [
            -73.2515069,
            10.4773917
          ],
          [
            -73.2508536,
            10.4765221
          ],
          [
            -73.2503225,
            10.4757666
          ],
          [
            -73.2496139,
            10.4747373
          ],
          [
            -73.2490596,
            10.4739482
          ]
        ]
      },
      "id": "way/85052807"
    },
    {
      "type": "Feature",
      "properties": {
        "@id": "way/85052961",
        "highway": "residential",
        "name": "Calle 13",
        "oneway": "yes"
      },
      "geometry": {
        "type": "LineString",
        "coordinates": [
          [
            -73.2533098,
            10.4776615
          ],
          [
            -73.2540923,
            10.4771462
          ],
          [
            -73.254316,
            10.4769838
          ],
          [
            -73.255321,
            10.476334
          ],
          [
            -73.2560772,
            10.4758521
          ],
          [
            -73.2570934,
            10.4751677
          ],
          [
            -73.2581686,
            10.4745939
          ],
          [
            -73.2581744,
            10.4745907
          ],
          [
            -73.2587743,
            10.4742609
          ],
          [
            -73.2587774,
            10.4742592
          ]
        ]
      },
      "id": "way/85052961"
    },
    {
      "type": "Feature",
      "properties": {
        "@id": "way/85053139",
        "highway": "secondary",
        "lanes": "2",
        "name": "Carrera 11",
        "oneway": "yes",
        "surface": "paved"
      },
      "geometry": {
        "type": "LineString",
        "coordinates": [
          [
            -73.2557934,
            10.4849274
          ],
          [
            -73.2553796,
            10.4843102
          ],
          [
            -73.2549098,
            10.4836503
          ],
          [
            -73.2543161,
            10.4827923
          ],
          [
            -73.2535499,
            10.481685
          ],
          [
            -73.2531016,
            10.4810203
          ],
          [
            -73.2526428,
            10.4803489
          ],
          [
            -73.2526284,
            10.4803314
          ],
          [
            -73.2520381,
            10.4794947
          ],
          [
            -73.2515857,
            10.4788405
          ],
          [
            -73.2511416,
            10.4781929
          ],
          [
            -73.2508052,
            10.477714
          ],
          [
            -73.2502498,
            10.476913
          ],
          [
            -73.2497312,
            10.4761441
          ],
          [
            -73.2493062,
            10.4755372
          ],
          [
            -73.2490311,
            10.4751405
          ],
          [
            -73.2484801,
            10.4743079
          ],
          [
            -73.2478878,
            10.4734392
          ],
          [
            -73.2478548,
            10.4733943
          ],
          [
            -73.2473808,
            10.4726857
          ],
          [
            -73.2473458,
            10.4726276
          ],
          [
            -73.2469738,
            10.4720774
          ],
          [
            -73.2464918,
            10.4713256
          ],
          [
            -73.2458903,
            10.4704557
          ],
          [
            -73.2454876,
            10.4698218
          ],
          [
            -73.245193,
            10.4693582
          ],
          [
            -73.2448688,
            10.4689084
          ],
          [
            -73.2445903,
            10.4684715
          ],
          [
            -73.2442342,
            10.4679132
          ],
          [
            -73.2438157,
            10.4671973
          ],
          [
            -73.2435898,
            10.4669058
          ],
          [
            -73.2434349,
            10.4667049
          ]
        ]
      },
      "id": "way/85053139"
    },
    {
      "type": "Feature",
      "properties": {
        "@id": "way/85053240",
        "highway": "residential",
        "name": "Calle 19B"
      },
      "geometry": {
        "type": "LineString",
        "coordinates": [
          [
            -73.249364,
            10.4673118
          ],
          [
            -73.2483092,
            10.46784
          ],
          [
            -73.2474742,
            10.4682414
          ],
          [
            -73.2465567,
            10.4687176
          ],
          [
            -73.2464801,
            10.4687535
          ],
          [
            -73.245193,
            10.4693582
          ],
          [
            -73.2451338,
            10.4693896
          ],
          [
            -73.2445716,
            10.4696494
          ],
          [
            -73.2435796,
            10.4700794
          ]
        ]
      },
      "id": "way/85053240"
    },
    {
      "type": "Feature",
      "properties": {
        "@id": "way/85053283",
        "highway": "residential",
        "name": "Calle 13B Bis"
      },
      "geometry": {
        "type": "LineString",
        "coordinates": [
          [
            -73.2534525,
            10.4757388
          ],
          [
            -73.2544738,
            10.4750613
          ],
          [
            -73.2552404,
            10.4745587
          ],
          [
            -73.256228,
            10.473874
          ],
          [
            -73.2572968,
            10.4732259
          ],
          [
            -73.2573034,
            10.4732223
          ],
          [
            -73.2581614,
            10.4727551
          ]
        ]
      },
      "id": "way/85053283"
    },
    {
      "type": "Feature",
      "properties": {
        "@id": "way/85053347",
        "highway": "residential",
        "name": "Carrera 14",
        "oneway": "yes"
      },
      "geometry": {
        "type": "LineString",
        "coordinates": [
          [
            -73.254316,
            10.4769838
          ],
          [
            -73.2540303,
            10.4765592
          ],
          [
            -73.2537863,
            10.4761942
          ],
          [
            -73.2535087,
            10.4758049
          ],
          [
            -73.2534961,
            10.4757879
          ]
        ]
      },
      "id": "way/85053347"
    },
    {
      "type": "Feature",
      "properties": {
        "@id": "way/85053432",
        "highway": "residential",
        "name": "Carrera 6B"
      },
      "geometry": {
        "type": "LineString",
        "coordinates": [
          [
            -73.2421169,
            10.4716504
          ],
          [
            -73.2420747,
            10.4709038
          ],
          [
            -73.2420619,
            10.4703423
          ],
          [
            -73.2420566,
            10.4702192
          ],
          [
            -73.2420477,
            10.470037
          ],
          [
            -73.241998,
            10.4693785
          ],
          [
            -73.24198,
            10.4692385
          ],
          [
            -73.2419618,
            10.4691227
          ],
          [
            -73.2419333,
            10.4689047
          ],
          [
            -73.241934,
            10.468195
          ],
          [
            -73.241902,
            10.4677195
          ],
          [
            -73.2417906,
            10.4666256
          ],
          [
            -73.2417022,
            10.4654985
          ],
          [
            -73.2416372,
            10.4644732
          ]
        ]
      },
      "id": "way/85053432"
    },
    {
      "type": "Feature",
      "properties": {
        "@id": "way/85053467",
        "highway": "residential",
        "name": "Calle 16",
        "oneway": "yes"
      },
      "geometry": {
        "type": "LineString",
        "coordinates": [
          [
            -73.2484111,
            10.4743533
          ],
          [
            -73.2478941,
            10.4746841
          ],
          [
            -73.2474532,
            10.4749651
          ],
          [
            -73.2470752,
            10.4751714
          ],
          [
            -73.2464671,
            10.4755487
          ],
          [
            -73.2463947,
            10.4756003
          ],
          [
            -73.2463281,
            10.4756458
          ],
          [
            -73.245376,
            10.4762933
          ],
          [
            -73.2449687,
            10.4766081
          ],
          [
            -73.2448274,
            10.4767135
          ],
          [
            -73.244491,
            10.4769427
          ]
        ]
      },
      "id": "way/85053467"
    },
    {
      "type": "Feature",
      "properties": {
        "@id": "way/85053521",
        "highway": "residential",
        "name": "Calle 16"
      },
      "geometry": {
        "type": "LineString",
        "coordinates": [
          [
            -73.2397062,
            10.4800668
          ],
          [
            -73.2399924,
            10.4799127
          ],
          [
            -73.2402793,
            10.4797548
          ],
          [
            -73.2405289,
            10.4795906
          ],
          [
            -73.2406564,
            10.4794812
          ],
          [
            -73.240812,
            10.4793828
          ],
          [
            -73.2410115,
            10.4793042
          ],
          [
            -73.24112,
            10.4791618
          ],
          [
            -73.2414076,
            10.4789285
          ],
          [
            -73.2416747,
            10.4787481
          ],
          [
            -73.2423127,
            10.4783415
          ],
          [
            -73.2428964,
            10.4779415
          ]
        ]
      },
      "id": "way/85053521"
    },
    {
      "type": "Feature",
      "properties": {
        "@id": "way/85053658",
        "highway": "residential",
        "name": "Calle 10"
      },
      "geometry": {
        "type": "LineString",
        "coordinates": [
          [
            -73.2597383,
            10.4767199
          ],
          [
            -73.2591091,
            10.477117
          ],
          [
            -73.2586136,
            10.4774403
          ],
          [
            -73.2581246,
            10.4778021
          ],
          [
            -73.2576284,
            10.4781476
          ],
          [
            -73.2569406,
            10.4786266
          ],
          [
            -73.2564217,
            10.4789874
          ],
          [
            -73.2559181,
            10.4793376
          ],
          [
            -73.2549646,
            10.4799919
          ],
          [
            -73.2544176,
            10.4803601
          ],
          [
            -73.2543689,
            10.4803932
          ],
          [
            -73.2537882,
            10.4807563
          ],
          [
            -73.2531016,
            10.4810203
          ],
          [
            -73.2530304,
            10.4810388
          ],
          [
            -73.2525877,
            10.481311
          ],
          [
            -73.2520962,
            10.4816768
          ],
          [
            -73.2516863,
            10.4819808
          ],
          [
            -73.2515391,
            10.4820899
          ],
          [
            -73.251271,
            10.4822875
          ],
          [
            -73.2504627,
            10.4828358
          ],
          [
            -73.249671,
            10.4834093
          ],
          [
            -73.2492734,
            10.4836985
          ],
          [
            -73.2483728,
            10.4843429
          ]
        ]
      },
      "id": "way/85053658"
    },
    {
      "type": "Feature",
      "properties": {
        "@id": "way/85053924",
        "highway": "residential",
        "name": "Carrera 13"
      },
      "geometry": {
        "type": "LineString",
        "coordinates": [
          [
            -73.2527366,
            10.4767478
          ],
          [
            -73.2520538,
            10.4757065
          ],
          [
            -73.2515701,
            10.4749746
          ]
        ]
      },
      "id": "way/85053924"
    },
    {
      "type": "Feature",
      "properties": {
        "@id": "way/85054121",
        "highway": "residential",
        "name": "Carrera 14"
      },
      "geometry": {
        "type": "LineString",
        "coordinates": [
          [
            -73.2507682,
            10.4714601
          ],
          [
            -73.2507314,
            10.4714065
          ],
          [
            -73.2502715,
            10.4707859
          ]
        ]
      },
      "id": "way/85054121"
    },
    {
      "type": "Feature",
      "properties": {
        "@id": "way/85054460",
        "highway": "residential",
        "name": "Carrera 15",
        "oneway": "yes"
      },
      "geometry": {
        "type": "LineString",
        "coordinates": [
          [
            -73.2482308,
            10.4655669
          ],
          [
            -73.2485989,
            10.4661535
          ],
          [
            -73.2489844,
            10.466722
          ],
          [
            -73.249364,
            10.4673118
          ],
          [
            -73.2496968,
            10.4678031
          ],
          [
            -73.2502655,
            10.4687027
          ],
          [
            -73.2503105,
            10.4687717
          ],
          [
            -73.250834,
            10.4695989
          ],
          [
            -73.2511413,
            10.4700866
          ],
          [
            -73.2511942,
            10.4701703
          ],
          [
            -73.251235,
            10.4702332
          ]
        ]
      },
      "id": "way/85054460"
    },
    {
      "type": "Feature",
      "properties": {
        "@id": "way/85054482",
        "highway": "residential",
        "name": "Calle 11"
      },
      "geometry": {
        "type": "LineString",
        "coordinates": [
          [
            -73.2520645,
            10.4805351
          ],
          [
            -73.251513,
            10.4809038
          ],
          [
            -73.2511796,
            10.4811495
          ],
          [
            -73.250698,
            10.4814928
          ],
          [
            -73.2498924,
            10.4821123
          ],
          [
            -73.2491108,
            10.4826786
          ],
          [
            -73.2487309,
            10.4829387
          ]
        ]
      },
      "id": "way/85054482"
    },
    {
      "type": "Feature",
      "properties": {
        "@id": "way/85054629",
        "highway": "residential",
        "name": "Carrera 9A"
      },
      "geometry": {
        "type": "LineString",
        "coordinates": [
          [
            -73.2474532,
            10.4749651
          ],
          [
            -73.2469843,
            10.4743097
          ]
        ]
      },
      "id": "way/85054629"
    },
    {
      "type": "Feature",
      "properties": {
        "@id": "way/85054672",
        "highway": "residential"
      },
      "geometry": {
        "type": "LineString",
        "coordinates": [
          [
            -73.2518735,
            10.4677277
          ],
          [
            -73.2518349,
            10.4676648
          ],
          [
            -73.2512427,
            10.4668207
          ],
          [
            -73.2510454,
            10.4665416
          ],
          [
            -73.2509646,
            10.4664272
          ],
          [
            -73.2508785,
            10.4662988
          ]
        ]
      },
      "id": "way/85054672"
    },
    {
      "type": "Feature",
      "properties": {
        "@id": "way/85054818",
        "highway": "tertiary",
        "name": "Carrera 12",
        "oneway": "yes"
      },
      "geometry": {
        "type": "LineString",
        "coordinates": [
          [
            -73.246067,
            10.468134
          ],
          [
            -73.2463044,
            10.4685149
          ],
          [
            -73.2464801,
            10.4687535
          ],
          [
            -73.2470354,
            10.4696002
          ],
          [
            -73.2475764,
            10.4704507
          ],
          [
            -73.2476252,
            10.470514
          ],
          [
            -73.2481863,
            10.4713106
          ],
          [
            -73.2485324,
            10.471841
          ],
          [
            -73.2485792,
            10.4719084
          ],
          [
            -73.2490446,
            10.4725958
          ],
          [
            -73.2490886,
            10.4726608
          ],
          [
            -73.249657,
            10.4734918
          ],
          [
            -73.2496983,
            10.4735516
          ]
        ]
      },
      "id": "way/85054818"
    },
    {
      "type": "Feature",
      "properties": {
        "@id": "way/85054838",
        "highway": "residential",
        "mechanical": "yes",
        "name": "Carrera 15",
        "oneway": "yes"
      },
      "geometry": {
        "type": "LineString",
        "coordinates": [
          [
            -73.2540479,
            10.4744128
          ],
          [
            -73.2544738,
            10.4750613
          ],
          [
            -73.2548475,
            10.4756397
          ],
          [
            -73.2552407,
            10.4762247
          ],
          [
            -73.255321,
            10.476334
          ],
          [
            -73.2557482,
            10.4769884
          ],
          [
            -73.256021,
            10.477345
          ],
          [
            -73.256307,
            10.477763
          ],
          [
            -73.2569406,
            10.4786266
          ]
        ]
      },
      "id": "way/85054838"
    },
    {
      "type": "Feature",
      "properties": {
        "@id": "way/85054884",
        "highway": "residential"
      },
      "geometry": {
        "type": "LineString",
        "coordinates": [
          [
            -73.2508433,
            10.4715594
          ],
          [
            -73.2508063,
            10.4715079
          ],
          [
            -73.2507682,
            10.4714601
          ]
        ]
      },
      "id": "way/85054884"
    },
    {
      "type": "Feature",
      "properties": {
        "@id": "way/85054965",
        "highway": "residential",
        "name": "Calle 13C"
      },
      "geometry": {
        "type": "LineString",
        "coordinates": [
          [
            -73.2579027,
            10.4719839
          ],
          [
            -73.2574492,
            10.472245
          ],
          [
            -73.2568692,
            10.4725793
          ],
          [
            -73.2558074,
            10.4732453
          ],
          [
            -73.2547983,
            10.4739298
          ],
          [
            -73.2540479,
            10.4744128
          ],
          [
            -73.2530486,
            10.475061
          ],
          [
            -73.2525677,
            10.4753752
          ],
          [
            -73.2520538,
            10.4757065
          ],
          [
            -73.2515066,
            10.4760866
          ],
          [
            -73.2514505,
            10.4761213
          ],
          [
            -73.2508536,
            10.4765221
          ],
          [
            -73.2502498,
            10.476913
          ],
          [
            -73.2501942,
            10.4769452
          ],
          [
            -73.2497492,
            10.4772429
          ],
          [
            -73.2490667,
            10.4777253
          ]
        ]
      },
      "id": "way/85054965"
    },
    {
      "type": "Feature",
      "properties": {
        "@id": "way/85055111",
        "highway": "residential",
        "name": "Calle 15"
      },
      "geometry": {
        "type": "LineString",
        "coordinates": [
          [
            -73.2444965,
            10.4781569
          ],
          [
            -73.2441765,
            10.4783732
          ],
          [
            -73.2441074,
            10.4784214
          ],
          [
            -73.2437681,
            10.478653
          ],
          [
            -73.2433865,
            10.4789135
          ],
          [
            -73.2428788,
            10.4792023
          ]
        ]
      },
      "id": "way/85055111"
    },
    {
      "type": "Feature",
      "properties": {
        "@id": "way/85055321",
        "highway": "residential",
        "name": "Calle 20"
      },
      "geometry": {
        "type": "LineString",
        "coordinates": [
          [
            -73.2463529,
            10.4667726
          ],
          [
            -73.246262,
            10.4668148
          ],
          [
            -73.2458545,
            10.4670383
          ],
          [
            -73.2455902,
            10.4671833
          ],
          [
            -73.2454608,
            10.4672543
          ],
          [
            -73.2454174,
            10.4672781
          ],
          [
            -73.2442342,
            10.4679132
          ],
          [
            -73.2441863,
            10.4679396
          ],
          [
            -73.2436385,
            10.4681776
          ]
        ]
      },
      "id": "way/85055321"
    },
    {
      "type": "Feature",
      "properties": {
        "@id": "way/85055514",
        "highway": "residential"
      },
      "geometry": {
        "type": "LineString",
        "coordinates": [
          [
            -73.2543433,
            10.4701995
          ],
          [
            -73.254371,
            10.4702351
          ],
          [
            -73.2544876,
            10.4703552
          ]
        ]
      },
      "id": "way/85055514"
    },
    {
      "type": "Feature",
      "properties": {
        "@id": "way/85055839",
        "highway": "residential",
        "name": "Calle 13A"
      },
      "geometry": {
        "type": "LineString",
        "coordinates": [
          [
            -73.2444381,
            10.4825946
          ],
          [
            -73.2447448,
            10.4823567
          ],
          [
            -73.2448605,
            10.4822669
          ],
          [
            -73.2452476,
            10.4820032
          ],
          [
            -73.2457746,
            10.4816108
          ],
          [
            -73.2463574,
            10.4811565
          ],
          [
            -73.2471074,
            10.4806646
          ],
          [
            -73.2482369,
            10.47995
          ],
          [
            -73.2491752,
            10.4794421
          ],
          [
            -73.2500108,
            10.4789496
          ],
          [
            -73.2506726,
            10.478501
          ],
          [
            -73.2511003,
            10.4782253
          ],
          [
            -73.2511416,
            10.4781929
          ],
          [
            -73.2517612,
            10.4777727
          ],
          [
            -73.2523169,
            10.4774235
          ],
          [
            -73.2523745,
            10.4773867
          ],
          [
            -73.2529323,
            10.4770872
          ],
          [
            -73.2537863,
            10.476636
          ],
          [
            -73.2540303,
            10.4765592
          ],
          [
            -73.2552407,
            10.4762247
          ]
        ]
      },
      "id": "way/85055839"
    },
    {
      "type": "Feature",
      "properties": {
        "@id": "way/85055865",
        "highway": "residential",
        "name": "Carrera 17"
      },
      "geometry": {
        "type": "LineString",
        "coordinates": [
          [
            -73.2610713,
            10.4811141
          ],
          [
            -73.2607062,
            10.4805684
          ],
          [
            -73.260321,
            10.4799926
          ],
          [
            -73.2597163,
            10.4790886
          ],
          [
            -73.2591715,
            10.4782742
          ],
          [
            -73.2586136,
            10.4774403
          ],
          [
            -73.2580533,
            10.4766027
          ],
          [
            -73.257504,
            10.4757815
          ],
          [
            -73.2570934,
            10.4751677
          ],
          [
            -73.2566716,
            10.4745371
          ],
          [
            -73.256228,
            10.473874
          ],
          [
            -73.2558074,
            10.4732453
          ],
          [
            -73.2552718,
            10.4724446
          ]
        ]
      },
      "id": "way/85055865"
    },
    {
      "type": "Feature",
      "properties": {
        "@id": "way/85055876",
        "highway": "residential"
      },
      "geometry": {
        "type": "LineString",
        "coordinates": [
          [
            -73.2543419,
            10.4698055
          ],
          [
            -73.2543341,
            10.4701665
          ],
          [
            -73.2543433,
            10.4701995
          ]
        ]
      },
      "id": "way/85055876"
    },
    {
      "type": "Feature",
      "properties": {
        "@id": "way/85056005",
        "highway": "residential"
      },
      "geometry": {
        "type": "LineString",
        "coordinates": [
          [
            -73.2517124,
            10.4690163
          ],
          [
            -73.2516566,
            10.4689422
          ],
          [
            -73.2511773,
            10.4682173
          ],
          [
            -73.2511323,
            10.4681313
          ],
          [
            -73.2509056,
            10.4677888
          ],
          [
            -73.2505608,
            10.4672698
          ],
          [
            -73.2501334,
            10.4666833
          ]
        ]
      },
      "id": "way/85056005"
    },
    {
      "type": "Feature",
      "properties": {
        "@id": "way/85056538",
        "highway": "residential",
        "name": "Carrera 12A"
      },
      "geometry": {
        "type": "LineString",
        "coordinates": [
          [
            -73.2506238,
            10.4740086
          ],
          [
            -73.2501235,
            10.4732398
          ]
        ]
      },
      "id": "way/85056538"
    },
    {
      "type": "Feature",
      "properties": {
        "@id": "way/85056559",
        "highway": "residential",
        "name": "Carrera 11A",
        "oneway": "yes"
      },
      "geometry": {
        "type": "LineString",
        "coordinates": [
          [
            -73.248785,
            10.47275
          ],
          [
            -73.248321,
            10.472079
          ]
        ]
      },
      "id": "way/85056559"
    },
    {
      "type": "Feature",
      "properties": {
        "@id": "way/85056620",
        "highway": "residential",
        "name": "Calle 16B",
        "oneway": "yes"
      },
      "geometry": {
        "type": "LineString",
        "coordinates": [
          [
            -73.2469489,
            10.4732375
          ],
          [
            -73.2460832,
            10.473912
          ],
          [
            -73.2455138,
            10.4743973
          ],
          [
            -73.2449045,
            10.4748511
          ],
          [
            -73.2444776,
            10.4752016
          ]
        ]
      },
      "id": "way/85056620"
    },
    {
      "type": "Feature",
      "properties": {
        "@id": "way/85056665",
        "highway": "trunk",
        "lanes": "2",
        "name": "Carrera 19",
        "oneway": "yes",
        "smoothness": "good",
        "surface": "concrete"
      },
      "geometry": {
        "type": "LineString",
        "coordinates": [
          [
            -73.2560908,
            10.4672668
          ],
          [
            -73.2561533,
            10.4674347
          ],
          [
            -73.2562096,
            10.4676061
          ],
          [
            -73.2563242,
            10.4678767
          ],
          [
            -73.2566585,
            10.4687157
          ],
          [
            -73.2567301,
            10.4689004
          ],
          [
            -73.2567342,
            10.4689521
          ],
          [
            -73.2567348,
            10.4690055
          ],
          [
            -73.2567242,
            10.4691042
          ]
        ]
      },
      "id": "way/85056665"
    },
    {
      "type": "Feature",
      "properties": {
        "@id": "way/85056702",
        "highway": "residential",
        "name": "Carrera 6A"
      },
      "geometry": {
        "type": "LineString",
        "coordinates": [
          [
            -73.2486423,
            10.4817885
          ],
          [
            -73.2482223,
            10.48123
          ]
        ]
      },
      "id": "way/85056702"
    },
    {
      "type": "Feature",
      "properties": {
        "@id": "way/85056945",
        "highway": "residential",
        "name": "Transversal 7A"
      },
      "geometry": {
        "type": "LineString",
        "coordinates": [
          [
            -73.2433695,
            10.4691998
          ],
          [
            -73.2428721,
            10.4684179
          ],
          [
            -73.2424964,
            10.4680699
          ],
          [
            -73.2424455,
            10.4680223
          ],
          [
            -73.2420457,
            10.467675
          ]
        ]
      },
      "id": "way/85056945"
    },
    {
      "type": "Feature",
      "properties": {
        "@id": "way/85057417",
        "highway": "residential"
      },
      "geometry": {
        "type": "LineString",
        "coordinates": [
          [
            -73.2502544,
            10.4742446
          ],
          [
            -73.2502045,
            10.4742843
          ]
        ]
      },
      "id": "way/85057417"
    },
    {
      "type": "Feature",
      "properties": {
        "@id": "way/85057646",
        "highway": "residential",
        "name": "Carrera 16",
        "oneway": "yes"
      },
      "geometry": {
        "type": "LineString",
        "coordinates": [
          [
            -73.2581972,
            10.4789797
          ],
          [
            -73.2576284,
            10.4781476
          ],
          [
            -73.2570083,
            10.4772617
          ],
          [
            -73.2564985,
            10.4764816
          ],
          [
            -73.2560772,
            10.4758521
          ],
          [
            -73.2556477,
            10.4751996
          ],
          [
            -73.2552404,
            10.4745587
          ],
          [
            -73.2547983,
            10.4739298
          ],
          [
            -73.2542761,
            10.4731255
          ],
          [
            -73.2534895,
            10.4720181
          ],
          [
            -73.2530927,
            10.4713582
          ]
        ]
      },
      "id": "way/85057646"
    },
    {
      "type": "Feature",
      "properties": {
        "@id": "way/85057878",
        "highway": "secondary",
        "mechanical": "yes",
        "name": "Calle 16",
        "oneway": "yes"
      },
      "geometry": {
        "type": "LineString",
        "coordinates": [
          [
            -73.2496333,
            10.4735596
          ],
          [
            -73.2490596,
            10.4739482
          ],
          [
            -73.2484801,
            10.4743079
          ],
          [
            -73.2484111,
            10.4743533
          ]
        ]
      },
      "id": "way/85057878"
    },
    {
      "type": "Feature",
      "properties": {
        "@id": "way/85058022",
        "highway": "residential",
        "name": "Calle 19D"
      },
      "geometry": {
        "type": "LineString",
        "coordinates": [
          [
            -73.2461697,
            10.4681166
          ],
          [
            -73.2470768,
            10.4676642
          ],
          [
            -73.2478794,
            10.4672845
          ],
          [
            -73.2489844,
            10.466722
          ]
        ]
      },
      "id": "way/85058022"
    },
    {
      "type": "Feature",
      "properties": {
        "@id": "way/85058154",
        "highway": "residential",
        "name": "Calle 13A Bis"
      },
      "geometry": {
        "type": "LineString",
        "coordinates": [
          [
            -73.2478825,
            10.4795334
          ],
          [
            -73.2468044,
            10.4802402
          ],
          [
            -73.2466937,
            10.4803128
          ],
          [
            -73.2464447,
            10.4805021
          ],
          [
            -73.2462628,
            10.4806718
          ],
          [
            -73.2461865,
            10.4807422
          ],
          [
            -73.2461459,
            10.4808031
          ],
          [
            -73.2450508,
            10.4816702
          ]
        ]
      },
      "id": "way/85058154"
    },
    {
      "type": "Feature",
      "properties": {
        "@id": "way/85058240",
        "highway": "residential",
        "name": "Calle 18B",
        "oneway": "yes"
      },
      "geometry": {
        "type": "LineString",
        "coordinates": [
          [
            -73.2473221,
            10.4727441
          ],
          [
            -73.2473571,
            10.4727072
          ],
          [
            -73.2473808,
            10.4726857
          ],
          [
            -73.248321,
            10.472079
          ],
          [
            -73.2485792,
            10.4719084
          ],
          [
            -73.2486632,
            10.4718526
          ],
          [
            -73.249551,
            10.471241
          ],
          [
            -73.2502715,
            10.4707859
          ],
          [
            -73.2511942,
            10.4701703
          ],
          [
            -73.2512714,
            10.4701211
          ],
          [
            -73.2513828,
            10.4701159
          ]
        ]
      },
      "id": "way/85058240"
    },
    {
      "type": "Feature",
      "properties": {
        "@id": "way/85058611",
        "highway": "residential",
        "name": "Carrera 13 Bis"
      },
      "geometry": {
        "type": "LineString",
        "coordinates": [
          [
            -73.2533133,
            10.4764355
          ],
          [
            -73.2525677,
            10.4753752
          ],
          [
            -73.2520609,
            10.4746212
          ]
        ]
      },
      "id": "way/85058611"
    },
    {
      "type": "Feature",
      "properties": {
        "@id": "way/85058638",
        "highway": "residential"
      },
      "geometry": {
        "type": "LineString",
        "coordinates": [
          [
            -73.2530025,
            10.4697839
          ],
          [
            -73.2543419,
            10.4698055
          ]
        ]
      },
      "id": "way/85058638"
    },
    {
      "type": "Feature",
      "properties": {
        "@id": "way/85058776",
        "highway": "residential",
        "name": "Calle 16"
      },
      "geometry": {
        "type": "LineString",
        "coordinates": [
          [
            -73.2524741,
            10.4705421
          ],
          [
            -73.2531785,
            10.4700393
          ]
        ]
      },
      "id": "way/85058776"
    },
    {
      "type": "Feature",
      "properties": {
        "@id": "way/85059045",
        "highway": "residential",
        "oneway": "yes"
      },
      "geometry": {
        "type": "LineString",
        "coordinates": [
          [
            -73.2473458,
            10.4726276
          ],
          [
            -73.2472887,
            10.472689
          ]
        ]
      },
      "id": "way/85059045"
    },
    {
      "type": "Feature",
      "properties": {
        "@id": "way/85059356",
        "highway": "residential",
        "name": "Carrera 14",
        "oneway": "yes"
      },
      "geometry": {
        "type": "LineString",
        "coordinates": [
          [
            -73.2515302,
            10.4725724
          ],
          [
            -73.2515123,
            10.4724783
          ],
          [
            -73.2515134,
            10.4724524
          ],
          [
            -73.2515209,
            10.4724297
          ],
          [
            -73.2515339,
            10.4724032
          ],
          [
            -73.2515503,
            10.4723797
          ],
          [
            -73.2515697,
            10.4723591
          ],
          [
            -73.251617,
            10.472315
          ]
        ]
      },
      "id": "way/85059356"
    },
    {
      "type": "Feature",
      "properties": {
        "@id": "way/85059422",
        "highway": "secondary",
        "name": "Calle 16",
        "oneway": "yes"
      },
      "geometry": {
        "type": "LineString",
        "coordinates": [
          [
            -73.2506956,
            10.4720903
          ],
          [
            -73.2507827,
            10.472082
          ],
          [
            -73.2508832,
            10.4720691
          ],
          [
            -73.2509768,
            10.4720617
          ],
          [
            -73.2510404,
            10.4720755
          ],
          [
            -73.2511003,
            10.4720994
          ],
          [
            -73.251347,
            10.472292
          ],
          [
            -73.2513962,
            10.4723208
          ],
          [
            -73.251435,
            10.4723346
          ],
          [
            -73.251469,
            10.4723415
          ],
          [
            -73.2515014,
            10.4723428
          ],
          [
            -73.2515378,
            10.4723422
          ],
          [
            -73.2515637,
            10.4723337
          ],
          [
            -73.251617,
            10.472315
          ],
          [
            -73.2523333,
            10.4718229
          ],
          [
            -73.2530927,
            10.4713582
          ],
          [
            -73.2538122,
            10.4708908
          ],
          [
            -73.254387,
            10.4705298
          ],
          [
            -73.254553,
            10.4704255
          ],
          [
            -73.2552713,
            10.470032
          ],
          [
            -73.2564239,
            10.4694625
          ],
          [
            -73.2565994,
            10.4693731
          ],
          [
            -73.2566639,
            10.4693539
          ],
          [
            -73.256715,
            10.469344
          ],
          [
            -73.2567875,
            10.4693482
          ]
        ]
      },
      "id": "way/85059422"
    },
    {
      "type": "Feature",
      "properties": {
        "@id": "way/85059431",
        "highway": "residential",
        "name": "Calle 18",
        "oneway": "yes"
      },
      "geometry": {
        "type": "LineString",
        "coordinates": [
          [
            -73.2476252,
            10.470514
          ],
          [
            -73.247726,
            10.4704471
          ],
          [
            -73.2486353,
            10.4698484
          ],
          [
            -73.2493535,
            10.4693774
          ],
          [
            -73.2503105,
            10.4687717
          ],
          [
            -73.2505668,
            10.4686078
          ],
          [
            -73.2511773,
            10.4682173
          ],
          [
            -73.2518735,
            10.4677277
          ]
        ]
      },
      "id": "way/85059431"
    },
    {
      "type": "Feature",
      "properties": {
        "@id": "way/85059582",
        "highway": "residential",
        "name": "Calle 20A"
      },
      "geometry": {
        "type": "LineString",
        "coordinates": [
          [
            -73.2400013,
            10.4688113
          ],
          [
            -73.2408139,
            10.4685595
          ],
          [
            -73.241934,
            10.468195
          ],
          [
            -73.2424455,
            10.4680223
          ]
        ]
      },
      "id": "way/85059582"
    },
    {
      "type": "Feature",
      "properties": {
        "@id": "way/85059665",
        "highway": "residential",
        "name": "Calle 15",
        "oneway": "yes"
      },
      "geometry": {
        "type": "LineString",
        "coordinates": [
          [
            -73.2444965,
            10.4781569
          ],
          [
            -73.2445224,
            10.4781339
          ],
          [
            -73.2450652,
            10.477785
          ],
          [
            -73.2450833,
            10.4777734
          ],
          [
            -73.2451017,
            10.4777619
          ],
          [
            -73.2455458,
            10.477486
          ],
          [
            -73.2460514,
            10.477188
          ],
          [
            -73.246996,
            10.4765357
          ],
          [
            -73.2473243,
            10.4763145
          ],
          [
            -73.2475475,
            10.4761534
          ],
          [
            -73.2477186,
            10.4760424
          ],
          [
            -73.2484837,
            10.4755258
          ],
          [
            -73.2489799,
            10.4751836
          ],
          [
            -73.2490311,
            10.4751405
          ],
          [
            -73.2496139,
            10.4747373
          ],
          [
            -73.2502045,
            10.4742843
          ]
        ]
      },
      "id": "way/85059665"
    },
    {
      "type": "Feature",
      "properties": {
        "@id": "way/85059697",
        "highway": "tertiary",
        "name": "Carrera 12",
        "oneway": "yes"
      },
      "geometry": {
        "type": "LineString",
        "coordinates": [
          [
            -73.258857,
            10.4867792
          ],
          [
            -73.258761,
            10.4866397
          ],
          [
            -73.258525,
            10.486284
          ],
          [
            -73.2576173,
            10.4849597
          ],
          [
            -73.2571226,
            10.4842493
          ],
          [
            -73.2565724,
            10.483513
          ],
          [
            -73.2560885,
            10.4827973
          ],
          [
            -73.2556,
            10.4820763
          ],
          [
            -73.2550172,
            10.4812482
          ],
          [
            -73.2547624,
            10.4808606
          ],
          [
            -73.2544176,
            10.4803601
          ],
          [
            -73.2538156,
            10.479509
          ],
          [
            -73.2532553,
            10.4786724
          ],
          [
            -73.2527833,
            10.4780037
          ],
          [
            -73.2523745,
            10.4773867
          ],
          [
            -73.2521487,
            10.4770522
          ],
          [
            -73.2515066,
            10.4760866
          ],
          [
            -73.2510005,
            10.4753285
          ],
          [
            -73.2502544,
            10.4742446
          ],
          [
            -73.2497712,
            10.4735159
          ]
        ]
      },
      "id": "way/85059697"
    },
    {
      "type": "Feature",
      "properties": {
        "@id": "way/85059888",
        "highway": "residential"
      },
      "geometry": {
        "type": "LineString",
        "coordinates": [
          [
            -73.2471269,
            10.4759772
          ],
          [
            -73.2473243,
            10.4763145
          ]
        ]
      },
      "id": "way/85059888"
    },
    {
      "type": "Feature",
      "properties": {
        "@id": "way/85059941",
        "highway": "residential",
        "name": "Calle 19"
      },
      "geometry": {
        "type": "LineString",
        "coordinates": [
          [
            -73.2438761,
            10.4720218
          ],
          [
            -73.2443464,
            10.4716586
          ],
          [
            -73.244709,
            10.471372
          ],
          [
            -73.2449769,
            10.4711603
          ],
          [
            -73.2453735,
            10.4708469
          ],
          [
            -73.2458432,
            10.4704913
          ],
          [
            -73.2458903,
            10.4704557
          ],
          [
            -73.2470354,
            10.4696002
          ],
          [
            -73.247112,
            10.469547
          ],
          [
            -73.2479883,
            10.4689579
          ],
          [
            -73.2487308,
            10.4684643
          ],
          [
            -73.2496968,
            10.4678031
          ],
          [
            -73.2505608,
            10.4672698
          ],
          [
            -73.2512427,
            10.4668207
          ],
          [
            -73.2521131,
            10.4663081
          ],
          [
            -73.2521917,
            10.4662195
          ]
        ]
      },
      "id": "way/85059941"
    },
    {
      "type": "Feature",
      "properties": {
        "@id": "way/85060061",
        "highway": "secondary",
        "name": "Calle 16",
        "oneway": "yes"
      },
      "geometry": {
        "type": "LineString",
        "coordinates": [
          [
            -73.2567017,
            10.4691617
          ],
          [
            -73.2566753,
            10.46921
          ],
          [
            -73.2566407,
            10.4692483
          ],
          [
            -73.256578,
            10.469289
          ],
          [
            -73.2565205,
            10.4693175
          ],
          [
            -73.2562898,
            10.4694309
          ],
          [
            -73.2557977,
            10.4696762
          ],
          [
            -73.2552339,
            10.4699534
          ],
          [
            -73.2544876,
            10.4703552
          ],
          [
            -73.2543069,
            10.4704446
          ],
          [
            -73.2537149,
            10.4708237
          ],
          [
            -73.2529866,
            10.4713
          ],
          [
            -73.2522944,
            10.4717685
          ],
          [
            -73.2516083,
            10.4722631
          ],
          [
            -73.2515821,
            10.4722768
          ],
          [
            -73.251553,
            10.4722853
          ],
          [
            -73.2515238,
            10.4722905
          ],
          [
            -73.2514987,
            10.4722886
          ],
          [
            -73.2514727,
            10.4722856
          ],
          [
            -73.2514487,
            10.4722786
          ],
          [
            -73.2514247,
            10.4722686
          ],
          [
            -73.2514037,
            10.4722546
          ],
          [
            -73.2511948,
            10.4720683
          ],
          [
            -73.2511013,
            10.4720092
          ],
          [
            -73.2510423,
            10.4719908
          ],
          [
            -73.2509679,
            10.4719811
          ],
          [
            -73.2509029,
            10.4719826
          ],
          [
            -73.2508091,
            10.4719925
          ],
          [
            -73.2507237,
            10.4720074
          ]
        ]
      },
      "id": "way/85060061"
    },
    {
      "type": "Feature",
      "properties": {
        "@id": "way/85060100",
        "highway": "residential",
        "name": "Carrera 14"
      },
      "geometry": {
        "type": "LineString",
        "coordinates": [
          [
            -73.2502715,
            10.4707859
          ],
          [
            -73.2502189,
            10.4707148
          ],
          [
            -73.2499022,
            10.4701876
          ],
          [
            -73.2493535,
            10.4693774
          ],
          [
            -73.249305,
            10.469317
          ],
          [
            -73.2487308,
            10.4684643
          ],
          [
            -73.2483092,
            10.46784
          ],
          [
            -73.2478794,
            10.4672845
          ],
          [
            -73.2474914,
            10.4666968
          ],
          [
            -73.2472176,
            10.4662091
          ]
        ]
      },
      "id": "way/85060100"
    },
    {
      "type": "Feature",
      "properties": {
        "@id": "way/85060331",
        "highway": "residential",
        "name": "Calle 13B"
      },
      "geometry": {
        "type": "LineString",
        "coordinates": [
          [
            -73.2584842,
            10.4734841
          ],
          [
            -73.2584815,
            10.4734856
          ],
          [
            -73.257748,
            10.4738884
          ],
          [
            -73.2577425,
            10.4738914
          ],
          [
            -73.2566716,
            10.4745371
          ],
          [
            -73.2556477,
            10.4751996
          ],
          [
            -73.2554723,
            10.475296
          ],
          [
            -73.2548475,
            10.4756397
          ],
          [
            -73.2537863,
            10.4761942
          ],
          [
            -73.2536223,
            10.4762763
          ],
          [
            -73.2533133,
            10.4764355
          ],
          [
            -73.2527366,
            10.4767478
          ],
          [
            -73.2521487,
            10.4770522
          ],
          [
            -73.2520947,
            10.4770865
          ],
          [
            -73.2515069,
            10.4773917
          ],
          [
            -73.2508052,
            10.477714
          ],
          [
            -73.2507595,
            10.4777466
          ],
          [
            -73.2503115,
            10.4779874
          ],
          [
            -73.2495519,
            10.4783589
          ],
          [
            -73.248679,
            10.4788092
          ],
          [
            -73.2477099,
            10.4792812
          ],
          [
            -73.2471758,
            10.4795007
          ],
          [
            -73.246492,
            10.4798025
          ],
          [
            -73.2456964,
            10.4800693
          ],
          [
            -73.2448662,
            10.4804546
          ],
          [
            -73.2444601,
            10.4807006
          ],
          [
            -73.2443174,
            10.4807817
          ],
          [
            -73.2439661,
            10.4809772
          ],
          [
            -73.24394,
            10.4809936
          ],
          [
            -73.2434238,
            10.4812671
          ],
          [
            -73.2430441,
            10.4814735
          ],
          [
            -73.2426602,
            10.4816836
          ],
          [
            -73.2421984,
            10.4819079
          ]
        ]
      },
      "id": "way/85060331"
    },
    {
      "type": "Feature",
      "properties": {
        "@id": "way/85060542",
        "highway": "residential",
        "name": "Calle 19D"
      },
      "geometry": {
        "type": "LineString",
        "coordinates": [
          [
            -73.2457509,
            10.4677536
          ],
          [
            -73.2445903,
            10.4684715
          ]
        ]
      },
      "id": "way/85060542"
    },
    {
      "type": "Feature",
      "properties": {
        "@id": "way/85060604",
        "highway": "residential",
        "name": "Carrera 14"
      },
      "geometry": {
        "type": "LineString",
        "coordinates": [
          [
            -73.2518939,
            10.4730911
          ],
          [
            -73.2517656,
            10.4729081
          ],
          [
            -73.2516029,
            10.4726761
          ],
          [
            -73.2515302,
            10.4725724
          ]
        ]
      },
      "id": "way/85060604"
    },
    {
      "type": "Feature",
      "properties": {
        "@id": "way/85060671",
        "highway": "residential",
        "name": "Carrera 2A"
      },
      "geometry": {
        "type": "LineString",
        "coordinates": [
          [
            -73.2416747,
            10.4787481
          ],
          [
            -73.2411354,
            10.4776742
          ]
        ]
      },
      "id": "way/85060671"
    },
    {
      "type": "Feature",
      "properties": {
        "@id": "way/85060770",
        "highway": "residential",
        "name": "Calle 18B"
      },
      "geometry": {
        "type": "LineString",
        "coordinates": [
          [
            -73.2427453,
            10.4725059
          ],
          [
            -73.2415684,
            10.4725725
          ],
          [
            -73.2402764,
            10.4726146
          ],
          [
            -73.2401444,
            10.4726205
          ],
          [
            -73.2384813,
            10.4726818
          ],
          [
            -73.2383645,
            10.4726902
          ]
        ]
      },
      "id": "way/85060770"
    },
    {
      "type": "Feature",
      "properties": {
        "@id": "way/85060793",
        "highway": "residential",
        "name": "Calle 16A",
        "oneway": "yes"
      },
      "geometry": {
        "type": "LineString",
        "coordinates": [
          [
            -73.2507682,
            10.4714601
          ],
          [
            -73.2506945,
            10.4715207
          ],
          [
            -73.250042,
            10.47194
          ],
          [
            -73.2491176,
            10.4725428
          ],
          [
            -73.2490446,
            10.4725958
          ],
          [
            -73.248785,
            10.47275
          ],
          [
            -73.2478548,
            10.4733943
          ],
          [
            -73.2477844,
            10.4734443
          ]
        ]
      },
      "id": "way/85060793"
    },
    {
      "type": "Feature",
      "properties": {
        "@id": "way/85060845",
        "highway": "residential",
        "lanes": "2",
        "name": "Calle 20",
        "surface": "paved"
      },
      "geometry": {
        "type": "LineString",
        "coordinates": [
          [
            -73.2412963,
            10.4692634
          ],
          [
            -73.2419333,
            10.4689047
          ],
          [
            -73.2425614,
            10.468652
          ],
          [
            -73.2428721,
            10.4684179
          ],
          [
            -73.2434188,
            10.4682743
          ],
          [
            -73.2435168,
            10.4682721
          ]
        ]
      },
      "id": "way/85060845"
    },
    {
      "type": "Feature",
      "properties": {
        "@id": "way/85060897",
        "bicycle": "yes",
        "foot": "yes",
        "highway": "residential",
        "name": "Carrera 5"
      },
      "geometry": {
        "type": "LineString",
        "coordinates": [
          [
            -73.2486438,
            10.4847542
          ],
          [
            -73.2483728,
            10.4843429
          ],
          [
            -73.2479423,
            10.4836656
          ],
          [
            -73.2473216,
            10.4826807
          ],
          [
            -73.246968,
            10.4821161
          ],
          [
            -73.2463574,
            10.4811565
          ],
          [
            -73.2461459,
            10.4808031
          ],
          [
            -73.2456964,
            10.4800693
          ],
          [
            -73.2454516,
            10.4796501
          ],
          [
            -73.2451102,
            10.4791278
          ]
        ]
      },
      "id": "way/85060897"
    },
    {
      "type": "Feature",
      "properties": {
        "@id": "way/85061065",
        "highway": "tertiary",
        "name": "Carrera 12",
        "oneway": "yes"
      },
      "geometry": {
        "type": "LineString",
        "coordinates": [
          [
            -73.2496983,
            10.4735516
          ],
          [
            -73.2502045,
            10.4742843
          ],
          [
            -73.2509394,
            10.4753684
          ],
          [
            -73.2514505,
            10.4761213
          ],
          [
            -73.2520947,
            10.4770865
          ],
          [
            -73.2523169,
            10.4774235
          ],
          [
            -73.2527329,
            10.4780457
          ],
          [
            -73.2531983,
            10.4787109
          ],
          [
            -73.2537712,
            10.4795372
          ],
          [
            -73.2543689,
            10.4803932
          ],
          [
            -73.2547129,
            10.4808989
          ],
          [
            -73.2555453,
            10.4821157
          ],
          [
            -73.2560353,
            10.4828312
          ],
          [
            -73.2565163,
            10.4835505
          ],
          [
            -73.257053,
            10.4842998
          ],
          [
            -73.2575506,
            10.4850046
          ],
          [
            -73.2584931,
            10.4863086
          ],
          [
            -73.2585289,
            10.4863524
          ],
          [
            -73.2585389,
            10.4863784
          ],
          [
            -73.2585439,
            10.4864054
          ],
          [
            -73.2585449,
            10.4864334
          ],
          [
            -73.2585325,
            10.4864967
          ],
          [
            -73.2585047,
            10.4865785
          ]
        ]
      },
      "id": "way/85061065"
    },
    {
      "type": "Feature",
      "properties": {
        "@id": "way/85061437",
        "highway": "residential",
        "oneway": "yes"
      },
      "geometry": {
        "type": "LineString",
        "coordinates": [
          [
            -73.2467623,
            10.476218
          ],
          [
            -73.2471269,
            10.4759772
          ],
          [
            -73.2474801,
            10.4757196
          ]
        ]
      },
      "id": "way/85061437"
    },
    {
      "type": "Feature",
      "properties": {
        "@id": "way/85061732",
        "highway": "residential",
        "name": "Carrera 13A",
        "oneway": "yes"
      },
      "geometry": {
        "type": "LineString",
        "coordinates": [
          [
            -73.2534325,
            10.4758176
          ],
          [
            -73.2534421,
            10.4758439
          ],
          [
            -73.2536223,
            10.4762763
          ],
          [
            -73.2537863,
            10.476636
          ],
          [
            -73.2540923,
            10.4771462
          ],
          [
            -73.2544656,
            10.4778549
          ]
        ]
      },
      "id": "way/85061732"
    },
    {
      "type": "Feature",
      "properties": {
        "@id": "way/85062516",
        "highway": "residential",
        "name": "Calle 13C"
      },
      "geometry": {
        "type": "LineString",
        "coordinates": [
          [
            -73.2471994,
            10.4786003
          ],
          [
            -73.2467845,
            10.4789041
          ],
          [
            -73.2461704,
            10.4793521
          ],
          [
            -73.2454516,
            10.4796501
          ],
          [
            -73.2449002,
            10.4799533
          ],
          [
            -73.2447674,
            10.4800284
          ]
        ]
      },
      "id": "way/85062516"
    },
    {
      "type": "Feature",
      "properties": {
        "@id": "way/346918284",
        "highway": "secondary_link",
        "oneway": "yes"
      },
      "geometry": {
        "type": "LineString",
        "coordinates": [
          [
            -73.2543433,
            10.4701995
          ],
          [
            -73.2543401,
            10.4702839
          ],
          [
            -73.2543348,
            10.4703406
          ],
          [
            -73.2543234,
            10.4703907
          ],
          [
            -73.2543069,
            10.4704446
          ]
        ]
      },
      "id": "way/346918284"
    },
    {
      "type": "Feature",
      "properties": {
        "@id": "way/346918287",
        "highway": "secondary_link",
        "mechanical": "yes",
        "oneway": "yes"
      },
      "geometry": {
        "type": "LineString",
        "coordinates": [
          [
            -73.2511948,
            10.4720683
          ],
          [
            -73.2508972,
            10.4716212
          ]
        ]
      },
      "id": "way/346918287"
    },
    {
      "type": "Feature",
      "properties": {
        "@id": "way/346918292",
        "highway": "residential",
        "oneway": "yes"
      },
      "geometry": {
        "type": "LineString",
        "coordinates": [
          [
            -73.2518735,
            10.4677277
          ],
          [
            -73.25199,
            10.467828
          ]
        ]
      },
      "id": "way/346918292"
    },
    {
      "type": "Feature",
      "properties": {
        "@id": "way/346918338",
        "highway": "residential",
        "name": "Calle 18B",
        "oneway": "yes"
      },
      "geometry": {
        "type": "LineString",
        "coordinates": [
          [
            -73.2513981,
            10.4700549
          ],
          [
            -73.2512977,
            10.4700355
          ],
          [
            -73.2512653,
            10.470034
          ],
          [
            -73.2512281,
            10.4700432
          ],
          [
            -73.2511986,
            10.4700548
          ],
          [
            -73.2511413,
            10.4700866
          ],
          [
            -73.2502189,
            10.4707148
          ],
          [
            -73.249494,
            10.471145
          ],
          [
            -73.2486104,
            10.471779
          ],
          [
            -73.2485324,
            10.471841
          ],
          [
            -73.2473458,
            10.4726276
          ]
        ]
      },
      "id": "way/346918338"
    },
    {
      "type": "Feature",
      "properties": {
        "@id": "way/396963902",
        "highway": "residential",
        "name": "Calle 19A Bis"
      },
      "geometry": {
        "type": "LineString",
        "coordinates": [
          [
            -73.2420747,
            10.4709038
          ],
          [
            -73.241533,
            10.4709327
          ],
          [
            -73.240956,
            10.4709556
          ]
        ]
      },
      "id": "way/396963902"
    },
    {
      "type": "Feature",
      "properties": {
        "@id": "way/396963903",
        "highway": "residential",
        "name": "Calle 19C"
      },
      "geometry": {
        "type": "LineString",
        "coordinates": [
          [
            -73.2463044,
            10.4685149
          ],
          [
            -73.2448688,
            10.4689084
          ],
          [
            -73.2448239,
            10.4689133
          ],
          [
            -73.24421,
            10.4690659
          ],
          [
            -73.2436314,
            10.4691926
          ],
          [
            -73.2435959,
            10.4691992
          ],
          [
            -73.2435576,
            10.4691996
          ],
          [
            -73.2434647,
            10.4691978
          ],
          [
            -73.2433695,
            10.4691998
          ],
          [
            -73.2425842,
            10.4692166
          ],
          [
            -73.24198,
            10.4692385
          ],
          [
            -73.2414571,
            10.4692576
          ],
          [
            -73.2412963,
            10.4692634
          ],
          [
            -73.2408963,
            10.4692965
          ],
          [
            -73.2400143,
            10.469378
          ],
          [
            -73.2394842,
            10.4694282
          ],
          [
            -73.2393748,
            10.4694616
          ],
          [
            -73.2385591,
            10.4698495
          ]
        ]
      },
      "id": "way/396963903"
    },
    {
      "type": "Feature",
      "properties": {
        "@id": "way/396963904",
        "highway": "residential",
        "name": "Calle 20B"
      },
      "geometry": {
        "type": "LineString",
        "coordinates": [
          [
            -73.2434574,
            10.4672623
          ],
          [
            -73.243374,
            10.4672753
          ],
          [
            -73.2425419,
            10.4675215
          ],
          [
            -73.2420457,
            10.467675
          ],
          [
            -73.241902,
            10.4677195
          ],
          [
            -73.2407523,
            10.468051
          ],
          [
            -73.2404427,
            10.4681375
          ],
          [
            -73.2402738,
            10.4681886
          ],
          [
            -73.2399494,
            10.4683124
          ]
        ]
      },
      "id": "way/396963904"
    },
    {
      "type": "Feature",
      "properties": {
        "@id": "way/396963907",
        "highway": "residential",
        "name": "Carrera 6A"
      },
      "geometry": {
        "type": "LineString",
        "coordinates": [
          [
            -73.2415621,
            10.4716705
          ],
          [
            -73.241533,
            10.4709327
          ],
          [
            -73.2415057,
            10.4702503
          ],
          [
            -73.2414571,
            10.4692576
          ]
        ]
      },
      "id": "way/396963907"
    },
    {
      "type": "Feature",
      "properties": {
        "@id": "way/396963908",
        "highway": "residential",
        "name": "Carrera 6"
      },
      "geometry": {
        "type": "LineString",
        "coordinates": [
          [
            -73.2461704,
            10.4793521
          ],
          [
            -73.246492,
            10.4798025
          ],
          [
            -73.2468044,
            10.4802402
          ],
          [
            -73.2471074,
            10.4806646
          ],
          [
            -73.2477485,
            10.4815626
          ],
          [
            -73.2481482,
            10.4821224
          ],
          [
            -73.2487309,
            10.4829387
          ]
        ]
      },
      "id": "way/396963908"
    },
    {
      "type": "Feature",
      "properties": {
        "@id": "way/396967395",
        "highway": "residential",
        "name": "Carrera 7"
      },
      "geometry": {
        "type": "LineString",
        "coordinates": [
          [
            -73.2425419,
            10.4675215
          ],
          [
            -73.2424677,
            10.4665896
          ],
          [
            -73.242369,
            10.4654492
          ],
          [
            -73.2422953,
            10.464423
          ]
        ]
      },
      "id": "way/396967395"
    },
    {
      "type": "Feature",
      "properties": {
        "@id": "way/397121593",
        "highway": "residential",
        "name": "Carrera 16A"
      },
      "geometry": {
        "type": "LineString",
        "coordinates": [
          [
            -73.2537149,
            10.4708237
          ],
          [
            -73.2533452,
            10.4702831
          ],
          [
            -73.2531785,
            10.4700393
          ],
          [
            -73.2530025,
            10.4697839
          ],
          [
            -73.2527071,
            10.4693482
          ],
          [
            -73.2522099,
            10.4686254
          ],
          [
            -73.2519499,
            10.4682475
          ]
        ]
      },
      "id": "way/397121593"
    },
    {
      "type": "Feature",
      "properties": {
        "@id": "way/397121594",
        "highway": "residential",
        "name": "Carrera 16",
        "oneway": "yes"
      },
      "geometry": {
        "type": "LineString",
        "coordinates": [
          [
            -73.2529866,
            10.4713
          ],
          [
            -73.2526294,
            10.4707717
          ],
          [
            -73.2524741,
            10.4705421
          ],
          [
            -73.2523905,
            10.4704172
          ],
          [
            -73.2516303,
            10.4692819
          ]
        ]
      },
      "id": "way/397121594"
    },
    {
      "type": "Feature",
      "properties": {
        "@id": "way/397121595",
        "highway": "residential",
        "name": "Calle 17",
        "oneway": "yes"
      },
      "geometry": {
        "type": "LineString",
        "coordinates": [
          [
            -73.2469738,
            10.4720774
          ],
          [
            -73.2481863,
            10.4713106
          ],
          [
            -73.2482572,
            10.4712577
          ],
          [
            -73.249183,
            10.4706581
          ],
          [
            -73.2499022,
            10.4701876
          ],
          [
            -73.2504091,
            10.4698674
          ],
          [
            -73.250834,
            10.4695989
          ],
          [
            -73.2511261,
            10.4694137
          ],
          [
            -73.2511679,
            10.4693871
          ],
          [
            -73.2516086,
            10.4691076
          ],
          [
            -73.2516965,
            10.4690676
          ]
        ]
      },
      "id": "way/397121595"
    },
    {
      "type": "Feature",
      "properties": {
        "@id": "way/397130345",
        "highway": "residential",
        "lanes": "2",
        "name": "Carrera 10",
        "oneway": "yes",
        "surface": "paved"
      },
      "geometry": {
        "type": "LineString",
        "coordinates": [
          [
            -73.2478941,
            10.4746841
          ],
          [
            -73.2475948,
            10.4742085
          ],
          [
            -73.2474503,
            10.4739788
          ],
          [
            -73.2469489,
            10.4732375
          ],
          [
            -73.2464404,
            10.4724512
          ],
          [
            -73.2459547,
            10.4717269
          ],
          [
            -73.2453735,
            10.4708469
          ],
          [
            -73.2445716,
            10.4696494
          ],
          [
            -73.24421,
            10.4690659
          ],
          [
            -73.2436385,
            10.4681776
          ],
          [
            -73.2435124,
            10.4680091
          ]
        ]
      },
      "id": "way/397130345"
    },
    {
      "type": "Feature",
      "properties": {
        "@id": "way/397130352",
        "highway": "residential",
        "lanes": "2",
        "name": "Calle 19A",
        "oneway": "yes",
        "surface": "paved"
      },
      "geometry": {
        "type": "LineString",
        "coordinates": [
          [
            -73.2435794,
            10.4715766
          ],
          [
            -73.2433792,
            10.4715493
          ],
          [
            -73.2431662,
            10.4715651
          ],
          [
            -73.2426762,
            10.4716237
          ],
          [
            -73.2421169,
            10.4716504
          ],
          [
            -73.2415621,
            10.4716705
          ],
          [
            -73.2409957,
            10.4717059
          ],
          [
            -73.2401924,
            10.4717385
          ],
          [
            -73.2396652,
            10.471761
          ],
          [
            -73.2395288,
            10.4717677
          ],
          [
            -73.2386819,
            10.4718094
          ],
          [
            -73.2378307,
            10.471849
          ]
        ]
      },
      "id": "way/397130352"
    },
    {
      "type": "Feature",
      "properties": {
        "@id": "way/397130357",
        "highway": "residential",
        "name": "Calle 17B"
      },
      "geometry": {
        "type": "LineString",
        "coordinates": [
          [
            -73.2414092,
            10.4741274
          ],
          [
            -73.2413086,
            10.4741921
          ],
          [
            -73.2402559,
            10.4750022
          ],
          [
            -73.2402029,
            10.4750456
          ],
          [
            -73.2396782,
            10.4754413
          ],
          [
            -73.2393337,
            10.47568
          ],
          [
            -73.2391043,
            10.475839
          ],
          [
            -73.2388206,
            10.4760304
          ],
          [
            -73.2385443,
            10.4761974
          ],
          [
            -73.2382334,
            10.4764339
          ],
          [
            -73.238022,
            10.4765783
          ],
          [
            -73.2377366,
            10.4767733
          ]
        ]
      },
      "id": "way/397130357"
    },
    {
      "type": "Feature",
      "properties": {
        "@id": "way/397131030",
        "highway": "residential",
        "name": "Calle 17A"
      },
      "geometry": {
        "type": "LineString",
        "coordinates": [
          [
            -73.2432499,
            10.473667
          ],
          [
            -73.2426232,
            10.4741684
          ],
          [
            -73.2418663,
            10.474766
          ],
          [
            -73.2407723,
            10.4756204
          ],
          [
            -73.2407259,
            10.475651
          ],
          [
            -73.2402427,
            10.476043
          ],
          [
            -73.2396971,
            10.4763175
          ],
          [
            -73.2391295,
            10.476603
          ]
        ]
      },
      "id": "way/397131030"
    },
    {
      "type": "Feature",
      "properties": {
        "@id": "way/397136211",
        "highway": "residential",
        "name": "Calle 16C"
      },
      "geometry": {
        "type": "LineString",
        "coordinates": [
          [
            -73.2434874,
            10.4754621
          ],
          [
            -73.2430207,
            10.4759541
          ],
          [
            -73.2429323,
            10.4760438
          ],
          [
            -73.2420938,
            10.47703
          ],
          [
            -73.242048,
            10.4770891
          ],
          [
            -73.2418041,
            10.4773543
          ],
          [
            -73.2411354,
            10.4776742
          ],
          [
            -73.2408637,
            10.4778342
          ],
          [
            -73.2405311,
            10.47803
          ],
          [
            -73.2401246,
            10.4782643
          ]
        ]
      },
      "id": "way/397136211"
    },
    {
      "type": "Feature",
      "properties": {
        "@id": "way/397136212",
        "highway": "residential",
        "name": "Calle 16A"
      },
      "geometry": {
        "type": "LineString",
        "coordinates": [
          [
            -73.2434775,
            10.4767714
          ],
          [
            -73.2425324,
            10.4775122
          ],
          [
            -73.2424191,
            10.4775852
          ],
          [
            -73.2422729,
            10.4776894
          ],
          [
            -73.2420478,
            10.4778883
          ]
        ]
      },
      "id": "way/397136212"
    },
    {
      "type": "Feature",
      "properties": {
        "@id": "way/397136213",
        "highway": "residential",
        "name": "Calle 16A",
        "oneway": "yes"
      },
      "geometry": {
        "type": "LineString",
        "coordinates": [
          [
            -73.2478146,
            10.4734872
          ],
          [
            -73.2478878,
            10.4734392
          ],
          [
            -73.2490886,
            10.4726608
          ],
          [
            -73.2491638,
            10.4726112
          ],
          [
            -73.2500795,
            10.4719988
          ],
          [
            -73.250712,
            10.4715821
          ],
          [
            -73.2507342,
            10.4715622
          ],
          [
            -73.2508063,
            10.4715079
          ]
        ]
      },
      "id": "way/397136213"
    },
    {
      "type": "Feature",
      "properties": {
        "@id": "way/397136214",
        "highway": "residential",
        "name": "Carrera 2"
      },
      "geometry": {
        "type": "LineString",
        "coordinates": [
          [
            -73.2408637,
            10.4778342
          ],
          [
            -73.2414076,
            10.4789285
          ]
        ]
      },
      "id": "way/397136214"
    },
    {
      "type": "Feature",
      "properties": {
        "@id": "way/397136218",
        "highway": "residential",
        "name": "Carrera 1C"
      },
      "geometry": {
        "type": "LineString",
        "coordinates": [
          [
            -73.2410115,
            10.4793042
          ],
          [
            -73.2412233,
            10.4796817
          ],
          [
            -73.2414342,
            10.4800411
          ],
          [
            -73.2415254,
            10.4801681
          ],
          [
            -73.2418136,
            10.4805798
          ]
        ]
      },
      "id": "way/397136218"
    },
    {
      "type": "Feature",
      "properties": {
        "@id": "way/397136219",
        "highway": "residential",
        "name": "Carrera 18"
      },
      "geometry": {
        "type": "LineString",
        "coordinates": [
          [
            -73.2406564,
            10.4794812
          ],
          [
            -73.2409177,
            10.4798872
          ],
          [
            -73.2411303,
            10.4801907
          ],
          [
            -73.2413684,
            10.4803428
          ],
          [
            -73.2415676,
            10.480735
          ],
          [
            -73.2416607,
            10.4809259
          ],
          [
            -73.2417622,
            10.4810859
          ],
          [
            -73.2419653,
            10.4814857
          ]
        ]
      },
      "id": "way/397136219"
    },
    {
      "type": "Feature",
      "properties": {
        "@id": "way/397136220",
        "highway": "residential",
        "name": "Calle 13 A3"
      },
      "geometry": {
        "type": "LineString",
        "coordinates": [
          [
            -73.2443174,
            10.4807817
          ],
          [
            -73.2443174,
            10.480855
          ],
          [
            -73.24431,
            10.4809157
          ],
          [
            -73.2441263,
            10.4812885
          ],
          [
            -73.2439807,
            10.4815629
          ],
          [
            -73.2437816,
            10.4820004
          ],
          [
            -73.2436618,
            10.4822365
          ],
          [
            -73.2434727,
            10.4823833
          ],
          [
            -73.2431302,
            10.4826071
          ]
        ]
      },
      "id": "way/397136220"
    },
    {
      "type": "Feature",
      "properties": {
        "@id": "way/397136221",
        "highway": "residential",
        "name": "Carrera 18"
      },
      "geometry": {
        "type": "LineString",
        "coordinates": [
          [
            -73.2431302,
            10.4826071
          ],
          [
            -73.2429105,
            10.4821508
          ],
          [
            -73.2426602,
            10.4816836
          ],
          [
            -73.2424172,
            10.4812715
          ]
        ]
      },
      "id": "way/397136221"
    },
    {
      "type": "Feature",
      "properties": {
        "@id": "way/397136222",
        "highway": "residential",
        "name": "Calle 13C"
      },
      "geometry": {
        "type": "LineString",
        "coordinates": [
          [
            -73.2424172,
            10.4812715
          ],
          [
            -73.2419653,
            10.4814857
          ]
        ]
      },
      "id": "way/397136222"
    },
    {
      "type": "Feature",
      "properties": {
        "@id": "way/397136223",
        "highway": "residential",
        "name": "Calle 15A"
      },
      "geometry": {
        "type": "LineString",
        "coordinates": [
          [
            -73.2409177,
            10.4798872
          ],
          [
            -73.2412233,
            10.4796817
          ],
          [
            -73.2416031,
            10.4794504
          ],
          [
            -73.2418136,
            10.479336
          ]
        ]
      },
      "id": "way/397136223"
    },
    {
      "type": "Feature",
      "properties": {
        "@id": "way/397136224",
        "highway": "residential",
        "name": "Carrera 2"
      },
      "geometry": {
        "type": "LineString",
        "coordinates": [
          [
            -73.2434727,
            10.4823833
          ],
          [
            -73.2430441,
            10.4814735
          ],
          [
            -73.2425969,
            10.4806002
          ],
          [
            -73.2423463,
            10.480181
          ]
        ]
      },
      "id": "way/397136224"
    },
    {
      "type": "Feature",
      "properties": {
        "@id": "way/397136226",
        "highway": "residential",
        "name": "Carrera 2A"
      },
      "geometry": {
        "type": "LineString",
        "coordinates": [
          [
            -73.2437816,
            10.4820004
          ],
          [
            -73.2434238,
            10.4812671
          ],
          [
            -73.2429801,
            10.4803949
          ],
          [
            -73.2427716,
            10.479986
          ]
        ]
      },
      "id": "way/397136226"
    },
    {
      "type": "Feature",
      "properties": {
        "@id": "way/397144844",
        "highway": "residential",
        "name": "Carrera 6A"
      },
      "geometry": {
        "type": "LineString",
        "coordinates": [
          [
            -73.2471758,
            10.4795007
          ],
          [
            -73.247021,
            10.479249
          ],
          [
            -73.2467845,
            10.4789041
          ],
          [
            -73.2464219,
            10.4783847
          ]
        ]
      },
      "id": "way/397144844"
    },
    {
      "type": "Feature",
      "properties": {
        "@id": "way/397144850",
        "highway": "tertiary",
        "mechanical": "yes",
        "name": "Carrera 8",
        "oneway": "yes",
        "surface": "paved"
      },
      "geometry": {
        "type": "LineString",
        "coordinates": [
          [
            -73.2552863,
            10.4875645
          ],
          [
            -73.2549389,
            10.4871212
          ],
          [
            -73.2546973,
            10.4867857
          ],
          [
            -73.25445,
            10.4864421
          ],
          [
            -73.2542748,
            10.486218
          ],
          [
            -73.2540284,
            10.4858872
          ],
          [
            -73.2539034,
            10.4857218
          ],
          [
            -73.2534972,
            10.4852013
          ],
          [
            -73.2529633,
            10.4844841
          ],
          [
            -73.2529436,
            10.4844587
          ],
          [
            -73.2523832,
            10.4837429
          ],
          [
            -73.2518545,
            10.4830182
          ],
          [
            -73.251271,
            10.4822875
          ],
          [
            -73.250698,
            10.4814928
          ],
          [
            -73.2503658,
            10.4810473
          ],
          [
            -73.2503291,
            10.480998
          ],
          [
            -73.2501565,
            10.4807657
          ],
          [
            -73.249696,
            10.4801705
          ],
          [
            -73.2491752,
            10.4794421
          ],
          [
            -73.248679,
            10.4788092
          ],
          [
            -73.2477107,
            10.4774907
          ],
          [
            -73.2476728,
            10.4774428
          ],
          [
            -73.247556,
            10.4772816
          ],
          [
            -73.2474787,
            10.477175
          ],
          [
            -73.2473978,
            10.4770634
          ],
          [
            -73.247322,
            10.4769589
          ],
          [
            -73.2473,
            10.4769286
          ],
          [
            -73.2471874,
            10.4767733
          ],
          [
            -73.246996,
            10.4765357
          ],
          [
            -73.2467623,
            10.476218
          ],
          [
            -73.2463281,
            10.4756458
          ],
          [
            -73.2459601,
            10.4750468
          ],
          [
            -73.2455138,
            10.4743973
          ],
          [
            -73.2451545,
            10.4738658
          ],
          [
            -73.2448721,
            10.4734561
          ],
          [
            -73.2444177,
            10.4727984
          ],
          [
            -73.2438761,
            10.4720218
          ],
          [
            -73.2437667,
            10.471882
          ],
          [
            -73.2437182,
            10.4718165
          ],
          [
            -73.2436222,
            10.4716686
          ],
          [
            -73.2436174,
            10.4715734
          ]
        ]
      },
      "id": "way/397144850"
    },
    {
      "type": "Feature",
      "properties": {
        "@id": "way/397146311",
        "highway": "residential",
        "name": "Calle 14"
      },
      "geometry": {
        "type": "LineString",
        "coordinates": [
          [
            -73.257544,
            10.4710585
          ],
          [
            -73.2569229,
            10.4714198
          ],
          [
            -73.2563446,
            10.4717754
          ],
          [
            -73.2558867,
            10.472057
          ],
          [
            -73.2556929,
            10.4721856
          ],
          [
            -73.255539,
            10.4722877
          ],
          [
            -73.2552718,
            10.4724446
          ],
          [
            -73.254957,
            10.4726737
          ],
          [
            -73.2542761,
            10.4731255
          ],
          [
            -73.2535216,
            10.4736259
          ],
          [
            -73.2526156,
            10.474227
          ],
          [
            -73.2520609,
            10.4746212
          ],
          [
            -73.2519535,
            10.4746985
          ],
          [
            -73.2515701,
            10.4749746
          ],
          [
            -73.2513151,
            10.4751373
          ],
          [
            -73.251246,
            10.4751793
          ],
          [
            -73.2510005,
            10.4753285
          ],
          [
            -73.2509394,
            10.4753684
          ],
          [
            -73.2509146,
            10.4753844
          ],
          [
            -73.2503397,
            10.4757555
          ],
          [
            -73.2503225,
            10.4757666
          ],
          [
            -73.2497312,
            10.4761441
          ],
          [
            -73.2496678,
            10.4761859
          ],
          [
            -73.2491837,
            10.4765001
          ],
          [
            -73.2484837,
            10.4769871
          ]
        ]
      },
      "id": "way/397146311"
    },
    {
      "type": "Feature",
      "properties": {
        "@id": "way/397146314",
        "highway": "residential",
        "name": "Carrera 10",
        "oneway": "yes"
      },
      "geometry": {
        "type": "LineString",
        "coordinates": [
          [
            -73.2503115,
            10.4779874
          ],
          [
            -73.2497492,
            10.4772429
          ],
          [
            -73.2491837,
            10.4765001
          ],
          [
            -73.2491329,
            10.4764294
          ],
          [
            -73.2484837,
            10.4755258
          ],
          [
            -73.2478941,
            10.4746841
          ]
        ]
      },
      "id": "way/397146314"
    },
    {
      "type": "Feature",
      "properties": {
        "@id": "way/397146315",
        "alt_name": "Carrera 10",
        "highway": "residential",
        "name": "Carrera 8",
        "oneway": "yes"
      },
      "geometry": {
        "type": "LineString",
        "coordinates": [
          [
            -73.2538532,
            10.4831405
          ],
          [
            -73.2530792,
            10.4820081
          ],
          [
            -73.2525877,
            10.481311
          ],
          [
            -73.2521495,
            10.4806533
          ],
          [
            -73.2520645,
            10.4805351
          ],
          [
            -73.2515583,
            10.4798188
          ],
          [
            -73.2511081,
            10.4791743
          ],
          [
            -73.2506726,
            10.478501
          ],
          [
            -73.2503115,
            10.4779874
          ]
        ]
      },
      "id": "way/397146315"
    },
    {
      "type": "Feature",
      "properties": {
        "@id": "way/397147409",
        "highway": "secondary",
        "name": "Carrera 4",
        "oneway": "yes"
      },
      "geometry": {
        "type": "LineString",
        "coordinates": [
          [
            -73.232476,
            10.4650044
          ],
          [
            -73.2325646,
            10.465084
          ],
          [
            -73.2326336,
            10.4651472
          ],
          [
            -73.232864,
            10.4654405
          ],
          [
            -73.2332039,
            10.4658804
          ],
          [
            -73.2335473,
            10.4663131
          ],
          [
            -73.2338654,
            10.4667338
          ],
          [
            -73.2342275,
            10.4672007
          ],
          [
            -73.2345867,
            10.467658
          ],
          [
            -73.2349217,
            10.4680938
          ],
          [
            -73.2352714,
            10.4685546
          ],
          [
            -73.2357429,
            10.4691866
          ],
          [
            -73.2364322,
            10.4700787
          ],
          [
            -73.2371178,
            10.4709741
          ],
          [
            -73.2377718,
            10.4718528
          ],
          [
            -73.2383645,
            10.4726902
          ],
          [
            -73.238968,
            10.4734483
          ],
          [
            -73.2402029,
            10.4750456
          ],
          [
            -73.240584,
            10.475492
          ],
          [
            -73.2407259,
            10.475651
          ],
          [
            -73.2411111,
            10.4760794
          ],
          [
            -73.242048,
            10.4770891
          ],
          [
            -73.242462,
            10.4774995
          ],
          [
            -73.2425324,
            10.4775122
          ]
        ]
      },
      "id": "way/397147409"
    },
    {
      "type": "Feature",
      "properties": {
        "@id": "way/397147411",
        "highway": "residential",
        "name": "Carrera 4A"
      },
      "geometry": {
        "type": "LineString",
        "coordinates": [
          [
            -73.2448662,
            10.4804546
          ],
          [
            -73.2448293,
            10.4802387
          ],
          [
            -73.2447674,
            10.4800284
          ],
          [
            -73.2446423,
            10.4797526
          ],
          [
            -73.2444742,
            10.4795
          ]
        ]
      },
      "id": "way/397147411"
    },
    {
      "type": "Feature",
      "properties": {
        "@id": "way/397150829",
        "highway": "residential",
        "name": "Carrera 16A"
      },
      "geometry": {
        "type": "LineString",
        "coordinates": [
          [
            -73.254957,
            10.4726737
          ],
          [
            -73.2544347,
            10.4718603
          ],
          [
            -73.2541933,
            10.4714843
          ],
          [
            -73.2538122,
            10.4708908
          ]
        ]
      },
      "id": "way/397150829"
    },
    {
      "type": "Feature",
      "properties": {
        "@id": "way/397155253",
        "highway": "tertiary",
        "name": "Calle 12"
      },
      "geometry": {
        "type": "LineString",
        "coordinates": [
          [
            -73.259102,
            10.4747228
          ],
          [
            -73.2589928,
            10.4747966
          ],
          [
            -73.2589797,
            10.4748055
          ],
          [
            -73.2587572,
            10.4749558
          ],
          [
            -73.258502,
            10.4751281
          ],
          [
            -73.2584954,
            10.4751326
          ],
          [
            -73.257504,
            10.4757815
          ],
          [
            -73.2564985,
            10.4764816
          ],
          [
            -73.2557482,
            10.4769884
          ],
          [
            -73.2552236,
            10.4773428
          ],
          [
            -73.2547823,
            10.4776409
          ],
          [
            -73.2544656,
            10.4778549
          ],
          [
            -73.2538208,
            10.4782904
          ],
          [
            -73.2537779,
            10.4783194
          ],
          [
            -73.2532553,
            10.4786724
          ],
          [
            -73.2531983,
            10.4787109
          ],
          [
            -73.2526674,
            10.4790696
          ],
          [
            -73.2520381,
            10.4794947
          ],
          [
            -73.251989,
            10.4795278
          ],
          [
            -73.2515583,
            10.4798188
          ],
          [
            -73.2509791,
            10.4802033
          ]
        ]
      },
      "id": "way/397155253"
    },
    {
      "type": "Feature",
      "properties": {
        "@id": "way/397155257",
        "highway": "residential",
        "name": "Calle 9D"
      },
      "geometry": {
        "type": "LineString",
        "coordinates": [
          [
            -73.2547624,
            10.4808606
          ],
          [
            -73.2547129,
            10.4808989
          ],
          [
            -73.2541613,
            10.4812533
          ],
          [
            -73.2535499,
            10.481685
          ],
          [
            -73.2535023,
            10.4817242
          ],
          [
            -73.2530792,
            10.4820081
          ],
          [
            -73.2526236,
            10.4823701
          ],
          [
            -73.2523275,
            10.4826223
          ],
          [
            -73.2518545,
            10.4830182
          ],
          [
            -73.2516112,
            10.4832106
          ],
          [
            -73.251024,
            10.4835717
          ],
          [
            -73.2502289,
            10.4841368
          ],
          [
            -73.2498127,
            10.4844539
          ],
          [
            -73.2488904,
            10.4851046
          ]
        ]
      },
      "id": "way/397155257"
    },
    {
      "type": "Feature",
      "properties": {
        "@id": "way/397157464",
        "highway": "residential",
        "name": "Calle 11"
      },
      "geometry": {
        "type": "LineString",
        "coordinates": [
          [
            -73.2521495,
            10.4806533
          ],
          [
            -73.2525735,
            10.4803793
          ],
          [
            -73.2526284,
            10.4803314
          ],
          [
            -73.2532154,
            10.4799264
          ],
          [
            -73.2537712,
            10.4795372
          ],
          [
            -73.2538156,
            10.479509
          ],
          [
            -73.2543673,
            10.4791093
          ],
          [
            -73.2553149,
            10.4784323
          ],
          [
            -73.255768,
            10.47812
          ],
          [
            -73.256307,
            10.477763
          ],
          [
            -73.2570083,
            10.4772617
          ],
          [
            -73.2580533,
            10.4766027
          ],
          [
            -73.259009,
            10.4759614
          ],
          [
            -73.2593528,
            10.4757253
          ]
        ]
      },
      "id": "way/397157464"
    },
    {
      "type": "Feature",
      "properties": {
        "@id": "way/397157466",
        "highway": "residential",
        "name": "Carrera 14",
        "oneway": "yes"
      },
      "geometry": {
        "type": "LineString",
        "coordinates": [
          [
            -73.2559181,
            10.4793376
          ],
          [
            -73.2553149,
            10.4784323
          ],
          [
            -73.2547823,
            10.4776409
          ]
        ]
      },
      "id": "way/397157466"
    },
    {
      "type": "Feature",
      "properties": {
        "@id": "way/397157467",
        "highway": "residential",
        "name": "Carrera 14A"
      },
      "geometry": {
        "type": "LineString",
        "coordinates": [
          [
            -73.257025,
            10.4798013
          ],
          [
            -73.2564217,
            10.4789874
          ],
          [
            -73.255768,
            10.47812
          ],
          [
            -73.2552236,
            10.4773428
          ]
        ]
      },
      "id": "way/397157467"
    },
    {
      "type": "Feature",
      "properties": {
        "@id": "way/397157474",
        "highway": "residential",
        "name": "Calle 9A"
      },
      "geometry": {
        "type": "LineString",
        "coordinates": [
          [
            -73.2604623,
            10.4785732
          ],
          [
            -73.2597163,
            10.4790886
          ],
          [
            -73.2587455,
            10.4798072
          ],
          [
            -73.2582944,
            10.4801342
          ],
          [
            -73.2580954,
            10.4802784
          ],
          [
            -73.2576204,
            10.4806208
          ],
          [
            -73.2570311,
            10.4810466
          ],
          [
            -73.2561111,
            10.4817081
          ],
          [
            -73.2556,
            10.4820763
          ],
          [
            -73.2555453,
            10.4821157
          ]
        ]
      },
      "id": "way/397157474"
    },
    {
      "type": "Feature",
      "properties": {
        "@id": "way/397163917",
        "highway": "residential",
        "name": "Carrera 13"
      },
      "geometry": {
        "type": "LineString",
        "coordinates": [
          [
            -73.2537779,
            10.4783194
          ],
          [
            -73.2533098,
            10.4776615
          ],
          [
            -73.2529323,
            10.4770872
          ],
          [
            -73.2527366,
            10.4767478
          ]
        ]
      },
      "id": "way/397163917"
    },
    {
      "type": "Feature",
      "properties": {
        "@id": "way/397163918",
        "highway": "residential",
        "name": "Carrera 13"
      },
      "geometry": {
        "type": "LineString",
        "coordinates": [
          [
            -73.261522,
            10.4872182
          ],
          [
            -73.2606786,
            10.4866642
          ],
          [
            -73.2598374,
            10.4861774
          ],
          [
            -73.2589232,
            10.4856175
          ],
          [
            -73.2581452,
            10.4846081
          ],
          [
            -73.2576599,
            10.4838922
          ],
          [
            -73.2571027,
            10.4831585
          ],
          [
            -73.2566168,
            10.4824383
          ],
          [
            -73.2561111,
            10.4817081
          ],
          [
            -73.2555495,
            10.4808599
          ],
          [
            -73.2549646,
            10.4799919
          ],
          [
            -73.2543673,
            10.4791093
          ]
        ]
      },
      "id": "way/397163918"
    },
    {
      "type": "Feature",
      "properties": {
        "@id": "way/397163928",
        "highway": "tertiary",
        "lanes": "2",
        "name": "Carrera 9",
        "oneway": "yes",
        "surface": "paved"
      },
      "geometry": {
        "type": "LineString",
        "coordinates": [
          [
            -73.2435094,
            10.4706642
          ],
          [
            -73.2435805,
            10.470704
          ],
          [
            -73.2443464,
            10.4716586
          ],
          [
            -73.2449174,
            10.4724257
          ],
          [
            -73.2454496,
            10.4731038
          ],
          [
            -73.2458617,
            10.4735956
          ],
          [
            -73.2460832,
            10.473912
          ],
          [
            -73.2466202,
            10.4745717
          ],
          [
            -73.2470752,
            10.4751714
          ],
          [
            -73.2474801,
            10.4757196
          ],
          [
            -73.2477186,
            10.4760424
          ],
          [
            -73.2484232,
            10.4769124
          ],
          [
            -73.2484837,
            10.4769871
          ]
        ]
      },
      "id": "way/397163928"
    },
    {
      "type": "Feature",
      "properties": {
        "@id": "way/398213736",
        "highway": "residential",
        "name": "Calle 9C"
      },
      "geometry": {
        "type": "LineString",
        "coordinates": [
          [
            -73.2648895,
            10.4757048
          ],
          [
            -73.2641087,
            10.4760542
          ],
          [
            -73.263691,
            10.4762277
          ],
          [
            -73.2631739,
            10.4763916
          ],
          [
            -73.2626131,
            10.4766085
          ],
          [
            -73.2620775,
            10.4768434
          ],
          [
            -73.2615243,
            10.4770405
          ],
          [
            -73.2609082,
            10.4773147
          ],
          [
            -73.2602136,
            10.4775755
          ],
          [
            -73.2600996,
            10.477652
          ],
          [
            -73.2596722,
            10.4779447
          ],
          [
            -73.2591715,
            10.4782742
          ],
          [
            -73.2581972,
            10.4789797
          ],
          [
            -73.2575082,
            10.4794627
          ],
          [
            -73.257025,
            10.4798013
          ],
          [
            -73.2564731,
            10.4801898
          ],
          [
            -73.2555495,
            10.4808599
          ],
          [
            -73.2550172,
            10.4812482
          ]
        ]
      },
      "id": "way/398213736"
    },
    {
      "type": "Feature",
      "properties": {
        "@id": "way/403670771",
        "highway": "residential",
        "name": "Carrera 2"
      },
      "geometry": {
        "type": "LineString",
        "coordinates": [
          [
            -73.2421696,
            10.4803012
          ],
          [
            -73.2418493,
            10.4799326
          ],
          [
            -73.2416031,
            10.4794504
          ]
        ]
      },
      "id": "way/403670771"
    },
    {
      "type": "Feature",
      "properties": {
        "@id": "way/403670775",
        "highway": "residential",
        "name": "Carrera 4A"
      },
      "geometry": {
        "type": "LineString",
        "coordinates": [
          [
            -73.2466852,
            10.4831106
          ],
          [
            -73.246344,
            10.4825547
          ]
        ]
      },
      "id": "way/403670775"
    },
    {
      "type": "Feature",
      "properties": {
        "@id": "way/403670776",
        "highway": "residential",
        "name": "Carrera 4A"
      },
      "geometry": {
        "type": "LineString",
        "coordinates": [
          [
            -73.2463935,
            10.4825199
          ],
          [
            -73.2457746,
            10.4816108
          ]
        ]
      },
      "id": "way/403670776"
    },
    {
      "type": "Feature",
      "properties": {
        "@id": "way/633080251",
        "highway": "tertiary",
        "lanes": "2",
        "name": "Carrera 7A",
        "oneway": "yes",
        "surface": "paved"
      },
      "geometry": {
        "type": "LineString",
        "coordinates": [
          [
            -73.243362,
            10.4667269
          ],
          [
            -73.243374,
            10.4672753
          ],
          [
            -73.2434188,
            10.4682743
          ],
          [
            -73.2434647,
            10.4691978
          ],
          [
            -73.2434896,
            10.4700877
          ]
        ]
      },
      "id": "way/633080251"
    },
    {
      "type": "Feature",
      "properties": {
        "@id": "way/633080253",
        "highway": "tertiary",
        "lanes": "2",
        "name": "Carrera 7A",
        "oneway": "yes",
        "surface": "paved"
      },
      "geometry": {
        "type": "LineString",
        "coordinates": [
          [
            -73.2436174,
            10.4715734
          ],
          [
            -73.2436133,
            10.4714406
          ],
          [
            -73.2436049,
            10.4713531
          ],
          [
            -73.2436042,
            10.4712826
          ],
          [
            -73.243588,
            10.4709076
          ],
          [
            -73.2435832,
            10.4707812
          ],
          [
            -73.2435805,
            10.470704
          ],
          [
            -73.2435796,
            10.4700794
          ]
        ]
      },
      "id": "way/633080253"
    },
    {
      "type": "Feature",
      "properties": {
        "@id": "way/735233360",
        "highway": "residential",
        "name": "Carrera 14",
        "oneway": "yes"
      },
      "geometry": {
        "type": "LineString",
        "coordinates": [
          [
            -73.2547823,
            10.4776409
          ],
          [
            -73.254316,
            10.4769838
          ]
        ]
      },
      "id": "way/735233360"
    },
    {
      "type": "Feature",
      "properties": {
        "@id": "way/735233361",
        "highway": "residential",
        "name": "Carrera 13"
      },
      "geometry": {
        "type": "LineString",
        "coordinates": [
          [
            -73.2543673,
            10.4791093
          ],
          [
            -73.2537779,
            10.4783194
          ]
        ]
      },
      "id": "way/735233361"
    },
    {
      "type": "Feature",
      "properties": {
        "@id": "way/818839959",
        "highway": "secondary",
        "mechanical": "yes",
        "oneway": "yes"
      },
      "geometry": {
        "type": "LineString",
        "coordinates": [
          [
            -73.2497136,
            10.47343
          ],
          [
            -73.249657,
            10.4734918
          ]
        ]
      },
      "id": "way/818839959"
    },
    {
      "type": "Feature",
      "properties": {
        "@id": "way/818839960",
        "highway": "secondary",
        "mechanical": "yes",
        "oneway": "yes"
      },
      "geometry": {
        "type": "LineString",
        "coordinates": [
          [
            -73.2496983,
            10.4735516
          ],
          [
            -73.2497712,
            10.4735159
          ]
        ]
      },
      "id": "way/818839960"
    },
    {
      "type": "Feature",
      "properties": {
        "@id": "way/818839961",
        "highway": "tertiary",
        "mechanical": "yes",
        "name": "Calle 16",
        "oneway": "yes"
      },
      "geometry": {
        "type": "LineString",
        "coordinates": [
          [
            -73.2496333,
            10.4735596
          ],
          [
            -73.2496983,
            10.4735516
          ]
        ]
      },
      "id": "way/818839961"
    },
    {
      "type": "Feature",
      "properties": {
        "@id": "way/818839962",
        "highway": "secondary",
        "mechanical": "yes",
        "name": "Calle 16",
        "oneway": "yes"
      },
      "geometry": {
        "type": "LineString",
        "coordinates": [
          [
            -73.249657,
            10.4734918
          ],
          [
            -73.2496333,
            10.4735596
          ]
        ]
      },
      "id": "way/818839962"
    },
    {
      "type": "Feature",
      "properties": {
        "@id": "way/818841432",
        "highway": "residential",
        "name": "Calle 16B",
        "oneway": "yes"
      },
      "geometry": {
        "type": "LineString",
        "coordinates": [
          [
            -73.2473221,
            10.4727441
          ],
          [
            -73.2472728,
            10.4728074
          ]
        ]
      },
      "id": "way/818841432"
    },
    {
      "type": "Feature",
      "properties": {
        "@id": "way/818851630",
        "highway": "residential"
      },
      "geometry": {
        "type": "LineString",
        "coordinates": [
          [
            -73.2439807,
            10.4815629
          ],
          [
            -73.2442027,
            10.4817062
          ],
          [
            -73.2442953,
            10.481792
          ],
          [
            -73.24431,
            10.481846
          ],
          [
            -73.244298,
            10.481908
          ],
          [
            -73.2442698,
            10.4819674
          ]
        ]
      },
      "id": "way/818851630"
    },
    {
      "type": "Feature",
      "properties": {
        "@id": "way/818876260",
        "highway": "residential",
        "name": "Calle 18A"
      },
      "geometry": {
        "type": "LineString",
        "coordinates": [
          [
            -73.2436823,
            10.4732606
          ],
          [
            -73.2436197,
            10.473257
          ]
        ]
      },
      "id": "way/818876260"
    },
    {
      "type": "Feature",
      "properties": {
        "@id": "way/913549737",
        "highway": "residential",
        "surface": "paved"
      },
      "geometry": {
        "type": "LineString",
        "coordinates": [
          [
            -73.2527071,
            10.4693482
          ],
          [
            -73.2527532,
            10.4676534
          ],
          [
            -73.2527683,
            10.4672252
          ]
        ]
      },
      "id": "way/913549737"
    },
    {
      "type": "Feature",
      "properties": {
        "@id": "way/1000438373",
        "highway": "residential"
      },
      "geometry": {
        "type": "LineString",
        "coordinates": [
          [
            -73.2533452,
            10.4702831
          ],
          [
            -73.2526294,
            10.4707717
          ]
        ]
      },
      "id": "way/1000438373"
    },
    {
      "type": "Feature",
      "properties": {
        "@id": "way/1002535125",
        "highway": "residential"
      },
      "geometry": {
        "type": "LineString",
        "coordinates": [
          [
            -73.2419653,
            10.4814857
          ],
          [
            -73.2418558,
            10.481581
          ],
          [
            -73.2417807,
            10.4815889
          ],
          [
            -73.2417002,
            10.481548
          ],
          [
            -73.2413542,
            10.481213
          ]
        ]
      },
      "id": "way/1002535125"
    },
    {
      "type": "Feature",
      "properties": {
        "@id": "way/1002536387",
        "highway": "residential"
      },
      "geometry": {
        "type": "LineString",
        "coordinates": [
          [
            -73.2505356,
            10.474065
          ],
          [
            -73.251246,
            10.4751793
          ]
        ]
      },
      "id": "way/1002536387"
    },
    {
      "type": "Feature",
      "properties": {
        "@id": "way/1002536388",
        "highway": "residential"
      },
      "geometry": {
        "type": "LineString",
        "coordinates": [
          [
            -73.2512105,
            10.4805092
          ],
          [
            -73.2510692,
            10.4806038
          ],
          [
            -73.2508703,
            10.4807292
          ],
          [
            -73.2503658,
            10.4810473
          ]
        ]
      },
      "id": "way/1002536388"
    },
    {
      "type": "Feature",
      "properties": {
        "@id": "way/1002536389",
        "highway": "residential"
      },
      "geometry": {
        "type": "LineString",
        "coordinates": [
          [
            -73.2437038,
            10.479427
          ],
          [
            -73.244046,
            10.479223
          ],
          [
            -73.2441047,
            10.4791531
          ],
          [
            -73.2442014,
            10.4790936
          ],
          [
            -73.2442819,
            10.4790372
          ],
          [
            -73.2443207,
            10.4788799
          ],
          [
            -73.2443597,
            10.4788009
          ]
        ]
      },
      "id": "way/1002536389"
    },
    {
      "type": "Feature",
      "properties": {
        "@id": "way/1002557686",
        "highway": "residential"
      },
      "geometry": {
        "type": "LineString",
        "coordinates": [
          [
            -73.247322,
            10.4769589
          ],
          [
            -73.2471626,
            10.4770828
          ],
          [
            -73.2469238,
            10.4773135
          ]
        ]
      },
      "id": "way/1002557686"
    },
    {
      "type": "Feature",
      "properties": {
        "@id": "way/1002557687",
        "highway": "secondary_link"
      },
      "geometry": {
        "type": "LineString",
        "coordinates": [
          [
            -73.2493062,
            10.4755372
          ],
          [
            -73.2492478,
            10.475576
          ]
        ]
      },
      "id": "way/1002557687"
    },
    {
      "type": "Feature",
      "properties": {
        "@id": "way/1002583540",
        "bicycle": "yes",
        "foot": "yes",
        "highway": "residential",
        "name": "Carrera 5",
        "oneway": "yes"
      },
      "geometry": {
        "type": "LineString",
        "coordinates": [
          [
            -73.2414493,
            10.474272
          ],
          [
            -73.2414092,
            10.4741274
          ]
        ]
      },
      "id": "way/1002583540"
    },
    {
      "type": "Feature",
      "properties": {
        "@id": "way/1002583541",
        "bicycle": "yes",
        "foot": "yes",
        "highway": "residential",
        "name": "Carrera 5",
        "oneway": "yes"
      },
      "geometry": {
        "type": "LineString",
        "coordinates": [
          [
            -73.2413086,
            10.4741921
          ],
          [
            -73.2414493,
            10.474272
          ]
        ]
      },
      "id": "way/1002583541"
    },
    {
      "type": "Feature",
      "properties": {
        "@id": "way/1002583542",
        "highway": "residential",
        "name": "Calle 18A"
      },
      "geometry": {
        "type": "LineString",
        "coordinates": [
          [
            -73.2436197,
            10.473257
          ],
          [
            -73.2429565,
            10.4732921
          ],
          [
            -73.242873,
            10.4732296
          ],
          [
            -73.2420571,
            10.4733118
          ],
          [
            -73.2408513,
            10.4733657
          ]
        ]
      },
      "id": "way/1002583542"
    },
    {
      "type": "Feature",
      "properties": {
        "@id": "way/1002583544",
        "bicycle": "yes",
        "foot": "yes",
        "highway": "residential",
        "name": "Carrera 5",
        "oneway": "yes"
      },
      "geometry": {
        "type": "LineString",
        "coordinates": [
          [
            -73.2414092,
            10.4741274
          ],
          [
            -73.2408513,
            10.4733657
          ],
          [
            -73.2402764,
            10.4726146
          ],
          [
            -73.2396652,
            10.471761
          ]
        ]
      },
      "id": "way/1002583544"
    },
    {
      "type": "Feature",
      "properties": {
        "@id": "way/1002586907",
        "highway": "residential"
      },
      "geometry": {
        "type": "LineString",
        "coordinates": [
          [
            -73.2441263,
            10.4812885
          ],
          [
            -73.24394,
            10.4809936
          ]
        ]
      },
      "id": "way/1002586907"
    },
    {
      "type": "Feature",
      "properties": {
        "@id": "way/1002586908",
        "highway": "residential"
      },
      "geometry": {
        "type": "LineString",
        "coordinates": [
          [
            -73.241921,
            10.480479
          ],
          [
            -73.24203,
            10.4806808
          ],
          [
            -73.242169,
            10.4808569
          ]
        ]
      },
      "id": "way/1002586908"
    },
    {
      "type": "Feature",
      "properties": {
        "@id": "way/1002593023",
        "highway": "residential"
      },
      "geometry": {
        "type": "LineString",
        "coordinates": [
          [
            -73.244015,
            10.4823063
          ],
          [
            -73.2442993,
            10.48257
          ],
          [
            -73.2443757,
            10.4825977
          ],
          [
            -73.2444381,
            10.4825946
          ]
        ]
      },
      "id": "way/1002593023"
    },
    {
      "type": "Feature",
      "properties": {
        "@id": "way/1005160974",
        "highway": "residential"
      },
      "geometry": {
        "type": "LineString",
        "coordinates": [
          [
            -73.2449769,
            10.4711603
          ],
          [
            -73.2453829,
            10.4716943
          ]
        ]
      },
      "id": "way/1005160974"
    },
    {
      "type": "Feature",
      "properties": {
        "@id": "way/1005180360",
        "highway": "residential",
        "name": "Calle 13B Bis"
      },
      "geometry": {
        "type": "LineString",
        "coordinates": [
          [
            -73.2534258,
            10.4757563
          ],
          [
            -73.2534525,
            10.4757388
          ]
        ]
      },
      "id": "way/1005180360"
    },
    {
      "type": "Feature",
      "properties": {
        "@id": "way/1005180361",
        "highway": "residential",
        "name": "Carrera 14",
        "oneway": "yes"
      },
      "geometry": {
        "type": "LineString",
        "coordinates": [
          [
            -73.2534961,
            10.4757879
          ],
          [
            -73.2534258,
            10.4757563
          ]
        ]
      },
      "id": "way/1005180361"
    },
    {
      "type": "Feature",
      "properties": {
        "@id": "way/1005180362",
        "highway": "residential",
        "name": "Carrera 14",
        "oneway": "yes"
      },
      "geometry": {
        "type": "LineString",
        "coordinates": [
          [
            -73.2534258,
            10.4757563
          ],
          [
            -73.2534325,
            10.4758176
          ]
        ]
      },
      "id": "way/1005180362"
    },
    {
      "type": "Feature",
      "properties": {
        "@id": "way/1005523220",
        "highway": "residential"
      },
      "geometry": {
        "type": "LineString",
        "coordinates": [
          [
            -73.2454423,
            10.4720739
          ],
          [
            -73.2459311,
            10.4727791
          ]
        ]
      },
      "id": "way/1005523220"
    },
    {
      "type": "Feature",
      "properties": {
        "@id": "way/1005841510",
        "highway": "secondary_link",
        "oneway": "yes"
      },
      "geometry": {
        "type": "LineString",
        "coordinates": [
          [
            -73.2509149,
            10.4713161
          ],
          [
            -73.2508825,
            10.4713588
          ],
          [
            -73.2508581,
            10.4713782
          ],
          [
            -73.2508181,
            10.4713988
          ],
          [
            -73.2507713,
            10.4714055
          ],
          [
            -73.2507314,
            10.4714065
          ]
        ]
      },
      "id": "way/1005841510"
    },
    {
      "type": "Feature",
      "properties": {
        "@id": "way/1006050126",
        "highway": "residential"
      },
      "geometry": {
        "type": "LineString",
        "coordinates": [
          [
            -73.2460448,
            10.4675819
          ],
          [
            -73.2457509,
            10.4677536
          ]
        ]
      },
      "id": "way/1006050126"
    },
    {
      "type": "Feature",
      "properties": {
        "@id": "way/1006069256",
        "highway": "residential",
        "name": "Calle 16B",
        "oneway": "yes"
      },
      "geometry": {
        "type": "LineString",
        "coordinates": [
          [
            -73.2472728,
            10.4728074
          ],
          [
            -73.2469489,
            10.4732375
          ]
        ]
      },
      "id": "way/1006069256"
    },
    {
      "type": "Feature",
      "properties": {
        "@id": "way/1006069258",
        "highway": "residential",
        "name": "Calle 18",
        "oneway": "yes"
      },
      "geometry": {
        "type": "LineString",
        "coordinates": [
          [
            -73.2475381,
            10.4705542
          ],
          [
            -73.2464918,
            10.4713256
          ],
          [
            -73.2464293,
            10.4713715
          ],
          [
            -73.2459547,
            10.4717269
          ],
          [
            -73.2454423,
            10.4720739
          ],
          [
            -73.2449174,
            10.4724257
          ],
          [
            -73.2444177,
            10.4727984
          ],
          [
            -73.2436823,
            10.4732606
          ]
        ]
      },
      "id": "way/1006069258"
    },
    {
      "type": "Feature",
      "properties": {
        "@id": "way/1006082476",
        "highway": "residential",
        "name": "Calle 18",
        "oneway": "yes"
      },
      "geometry": {
        "type": "LineString",
        "coordinates": [
          [
            -73.2475764,
            10.4704507
          ],
          [
            -73.2475381,
            10.4705542
          ]
        ]
      },
      "id": "way/1006082476"
    },
    {
      "type": "Feature",
      "properties": {
        "@id": "way/1006082477",
        "highway": "residential",
        "name": "Calle 18",
        "oneway": "yes"
      },
      "geometry": {
        "type": "LineString",
        "coordinates": [
          [
            -73.2476252,
            10.470514
          ],
          [
            -73.2475381,
            10.4705542
          ]
        ]
      },
      "id": "way/1006082477"
    },
    {
      "type": "Feature",
      "properties": {
        "@id": "way/1006082478",
        "highway": "residential",
        "name": "Calle 16B",
        "oneway": "yes"
      },
      "geometry": {
        "type": "LineString",
        "coordinates": [
          [
            -73.2472887,
            10.472689
          ],
          [
            -73.2472728,
            10.4728074
          ]
        ]
      },
      "id": "way/1006082478"
    },
    {
      "type": "Feature",
      "properties": {
        "@id": "way/1006082479",
        "highway": "residential",
        "name": "Calle 16A",
        "oneway": "yes"
      },
      "geometry": {
        "type": "LineString",
        "coordinates": [
          [
            -73.24776,
            10.4735149
          ],
          [
            -73.2477844,
            10.4734443
          ]
        ]
      },
      "id": "way/1006082479"
    },
    {
      "type": "Feature",
      "properties": {
        "@id": "way/1006082480",
        "highway": "residential",
        "name": "Calle 16A",
        "oneway": "yes"
      },
      "geometry": {
        "type": "LineString",
        "coordinates": [
          [
            -73.24776,
            10.4735149
          ],
          [
            -73.2478146,
            10.4734872
          ]
        ]
      },
      "id": "way/1006082480"
    },
    {
      "type": "Feature",
      "properties": {
        "@id": "way/1006082481",
        "highway": "residential",
        "name": "Calle 16A",
        "oneway": "yes"
      },
      "geometry": {
        "type": "LineString",
        "coordinates": [
          [
            -73.2449241,
            10.4757639
          ],
          [
            -73.2453801,
            10.4754643
          ],
          [
            -73.2459601,
            10.4750468
          ],
          [
            -73.2466202,
            10.4745717
          ],
          [
            -73.2469843,
            10.4743097
          ],
          [
            -73.2470088,
            10.4742923
          ],
          [
            -73.247179,
            10.4741714
          ],
          [
            -73.2472032,
            10.4741542
          ],
          [
            -73.2474503,
            10.4739788
          ],
          [
            -73.24776,
            10.4735149
          ]
        ]
      },
      "id": "way/1006082481"
    },
    {
      "type": "Feature",
      "properties": {
        "@id": "way/1014273032",
        "highway": "tertiary",
        "oneway": "yes"
      },
      "geometry": {
        "type": "LineString",
        "coordinates": [
          [
            -73.2461697,
            10.4681166
          ],
          [
            -73.2461423,
            10.4680694
          ],
          [
            -73.246128,
            10.46803
          ],
          [
            -73.246109,
            10.467989
          ],
          [
            -73.246096,
            10.467945
          ],
          [
            -73.246089,
            10.4679
          ],
          [
            -73.246086,
            10.467855
          ],
          [
            -73.24609,
            10.46781
          ],
          [
            -73.246111,
            10.467684
          ],
          [
            -73.246137,
            10.467559
          ],
          [
            -73.246167,
            10.467434
          ],
          [
            -73.246202,
            10.467311
          ],
          [
            -73.2463529,
            10.4667726
          ]
        ]
      },
      "id": "way/1014273032"
    },
    {
      "type": "Feature",
      "properties": {
        "@id": "way/1014273033",
        "highway": "tertiary",
        "oneway": "yes"
      },
      "geometry": {
        "type": "LineString",
        "coordinates": [
          [
            -73.2463311,
            10.4665363
          ],
          [
            -73.246262,
            10.4668148
          ],
          [
            -73.2461723,
            10.4671317
          ],
          [
            -73.2460448,
            10.4675819
          ],
          [
            -73.246019,
            10.467673
          ],
          [
            -73.246002,
            10.467723
          ],
          [
            -73.24599,
            10.467776
          ],
          [
            -73.245984,
            10.467829
          ],
          [
            -73.245984,
            10.467883
          ],
          [
            -73.245989,
            10.467936
          ],
          [
            -73.246001,
            10.467988
          ],
          [
            -73.246017,
            10.468039
          ],
          [
            -73.24604,
            10.468088
          ],
          [
            -73.246067,
            10.468134
          ]
        ]
      },
      "id": "way/1014273033"
    },
    {
      "type": "Feature",
      "properties": {
        "@id": "way/1169338482",
        "highway": "residential"
      },
      "geometry": {
        "type": "LineString",
        "coordinates": [
          [
            -73.2443332,
            10.4786986
          ],
          [
            -73.2443031,
            10.4786566
          ],
          [
            -73.2443093,
            10.4786252
          ],
          [
            -73.2443297,
            10.478593
          ],
          [
            -73.2443068,
            10.4785529
          ],
          [
            -73.2442545,
            10.4784722
          ],
          [
            -73.2441997,
            10.4784027
          ],
          [
            -73.2441765,
            10.4783732
          ]
        ]
      },
      "id": "way/1169338482"
    },
    {
      "type": "Feature",
      "properties": {
        "@id": "way/1293423710",
        "highway": "residential",
        "mechanical": "yes",
        "name": "Carrera 15",
        "oneway": "yes"
      },
      "geometry": {
        "type": "LineString",
        "coordinates": [
          [
            -73.251235,
            10.4702332
          ],
          [
            -73.2513139,
            10.470335
          ],
          [
            -73.2522944,
            10.4717685
          ],
          [
            -73.2523333,
            10.4718229
          ],
          [
            -73.2527534,
            10.4725163
          ],
          [
            -73.2535216,
            10.4736259
          ],
          [
            -73.2540479,
            10.4744128
          ]
        ]
      },
      "id": "way/1293423710"
    },
    {
      "type": "Feature",
      "properties": {
        "@id": "way/1328207576",
        "highway": "residential",
        "name": "Calle 16",
        "oneway": "yes"
      },
      "geometry": {
        "type": "LineString",
        "coordinates": [
          [
            -73.244491,
            10.4769427
          ],
          [
            -73.2444646,
            10.4769592
          ],
          [
            -73.2440266,
            10.477232
          ],
          [
            -73.2438834,
            10.4773233
          ],
          [
            -73.2438772,
            10.4773271
          ],
          [
            -73.24387,
            10.4773314
          ],
          [
            -73.2432104,
            10.4777336
          ],
          [
            -73.2428964,
            10.4779415
          ]
        ]
      },
      "id": "way/1328207576"
    },
    {
      "type": "Feature",
      "properties": {
        "@id": "way/1349061981",
        "highway": "residential",
        "name": "Carrera 14",
        "oneway": "yes"
      },
      "geometry": {
        "type": "LineString",
        "coordinates": [
          [
            -73.2526156,
            10.474227
          ],
          [
            -73.2518939,
            10.4730911
          ]
        ]
      },
      "id": "way/1349061981"
    },
    {
      "type": "Feature",
      "properties": {
        "@id": "way/1349061982",
        "highway": "residential",
        "name": "Carrera 14",
        "oneway": "yes"
      },
      "geometry": {
        "type": "LineString",
        "coordinates": [
          [
            -73.2534258,
            10.4757563
          ],
          [
            -73.2530486,
            10.475061
          ],
          [
            -73.2526156,
            10.474227
          ]
        ]
      },
      "id": "way/1349061982"
    },
    {
      "type": "Feature",
      "properties": {
        "@id": "way/1361249556",
        "highway": "residential",
        "name": "Carrera 18",
        "oneway": "yes"
      },
      "geometry": {
        "type": "LineString",
        "coordinates": [
          [
            -73.2552713,
            10.470032
          ],
          [
            -73.2556834,
            10.4707383
          ],
          [
            -73.2557619,
            10.4708729
          ],
          [
            -73.2560385,
            10.4712989
          ],
          [
            -73.2563446,
            10.4717754
          ]
        ]
      },
      "id": "way/1361249556"
    },
    {
      "type": "Feature",
      "properties": {
        "@id": "way/1370994579",
        "highway": "residential"
      },
      "geometry": {
        "type": "LineString",
        "coordinates": [
          [
            -73.2447448,
            10.4823567
          ],
          [
            -73.245108,
            10.4826531
          ]
        ]
      },
      "id": "way/1370994579"
    },
    {
      "type": "Feature",
      "properties": {
        "@id": "way/1389882763",
        "highway": "residential",
        "name": "Carrera 17A"
      },
      "geometry": {
        "type": "LineString",
        "coordinates": [
          [
            -73.254553,
            10.4704255
          ],
          [
            -73.2544876,
            10.4703552
          ]
        ]
      },
      "id": "way/1389882763"
    },
    {
      "type": "Feature",
      "properties": {
        "@id": "way/1389888062",
        "highway": "residential",
        "oneway": "yes"
      },
      "geometry": {
        "type": "LineString",
        "coordinates": [
          [
            -73.2534895,
            10.4720181
          ],
          [
            -73.2541933,
            10.4714843
          ],
          [
            -73.2550425,
            10.4708932
          ]
        ]
      },
      "id": "way/1389888062"
    },
    {
      "type": "Feature",
      "properties": {
        "@id": "way/1389894613",
        "highway": "residential",
        "name": "Carrera 16"
      },
      "geometry": {
        "type": "LineString",
        "coordinates": [
          [
            -73.2516303,
            10.4692819
          ],
          [
            -73.2515759,
            10.4692053
          ]
        ]
      },
      "id": "way/1389894613"
    },
    {
      "type": "Feature",
      "properties": {
        "@id": "way/1389963234",
        "highway": "residential",
        "lanes": "2",
        "name": "Carrera 7",
        "oneway": "yes"
      },
      "geometry": {
        "type": "LineString",
        "coordinates": [
          [
            -73.242873,
            10.4732296
          ],
          [
            -73.242803,
            10.473072
          ],
          [
            -73.2427793,
            10.4728971
          ],
          [
            -73.2427574,
            10.4726458
          ],
          [
            -73.2427453,
            10.4725059
          ],
          [
            -73.2426762,
            10.4716237
          ]
        ]
      },
      "id": "way/1389963234"
    },
    {
      "type": "Feature",
      "properties": {
        "@id": "way/1389963235",
        "highway": "residential",
        "lanes": "2",
        "name": "Carrera 7",
        "oneway": "yes"
      },
      "geometry": {
        "type": "LineString",
        "coordinates": [
          [
            -73.2426762,
            10.4716237
          ],
          [
            -73.2426394,
            10.4701878
          ]
        ]
      },
      "id": "way/1389963235"
    },
    {
      "type": "Feature",
      "properties": {
        "@id": "way/1390131516",
        "highway": "residential",
        "name": "Carrera 14",
        "oneway": "yes"
      },
      "geometry": {
        "type": "LineString",
        "coordinates": [
          [
            -73.2577865,
            10.4822067
          ],
          [
            -73.2575378,
            10.4818248
          ],
          [
            -73.2573848,
            10.4815898
          ],
          [
            -73.2573217,
            10.4814929
          ],
          [
            -73.2570311,
            10.4810466
          ],
          [
            -73.2564731,
            10.4801898
          ],
          [
            -73.2559181,
            10.4793376
          ]
        ]
      },
      "id": "way/1390131516"
    },
    {
      "type": "Feature",
      "properties": {
        "@id": "way/1392125643",
        "highway": "residential",
        "name": "Carrera 6",
        "oneway": "yes"
      },
      "geometry": {
        "type": "LineString",
        "coordinates": [
          [
            -73.2440755,
            10.4762788
          ],
          [
            -73.2434874,
            10.4754621
          ],
          [
            -73.2433896,
            10.4753121
          ],
          [
            -73.2429856,
            10.4747167
          ]
        ]
      },
      "id": "way/1392125643"
    },
    {
      "type": "Feature",
      "properties": {
        "@id": "way/1392125644",
        "highway": "residential",
        "name": "Carrera 6"
      },
      "geometry": {
        "type": "LineString",
        "coordinates": [
          [
            -73.2405331,
            10.4654844
          ],
          [
            -73.2405477,
            10.4655758
          ],
          [
            -73.2405714,
            10.4659091
          ],
          [
            -73.2406381,
            10.4667188
          ],
          [
            -73.2406489,
            10.4668677
          ],
          [
            -73.2407019,
            10.4675094
          ],
          [
            -73.2407523,
            10.468051
          ],
          [
            -73.2408139,
            10.4685595
          ],
          [
            -73.2408963,
            10.4692965
          ],
          [
            -73.2409338,
            10.4702818
          ],
          [
            -73.240956,
            10.4709556
          ],
          [
            -73.2409957,
            10.4717059
          ],
          [
            -73.2415684,
            10.4725725
          ],
          [
            -73.2420571,
            10.4733118
          ],
          [
            -73.2426232,
            10.4741684
          ],
          [
            -73.2429856,
            10.4747167
          ]
        ]
      },
      "id": "way/1392125644"
    },
    {
      "type": "Feature",
      "properties": {
        "@id": "way/1392127309",
        "highway": "residential",
        "name": "Carrera 6",
        "oneway": "yes"
      },
      "geometry": {
        "type": "LineString",
        "coordinates": [
          [
            -73.244491,
            10.4769427
          ],
          [
            -73.2440755,
            10.4762788
          ]
        ]
      },
      "id": "way/1392127309"
    },
    {
      "type": "Feature",
      "properties": {
        "@id": "way/1392134069",
        "highway": "residential",
        "name": "Calle 16A",
        "oneway": "yes"
      },
      "geometry": {
        "type": "LineString",
        "coordinates": [
          [
            -73.2434775,
            10.4767714
          ],
          [
            -73.2434795,
            10.4767698
          ],
          [
            -73.2437702,
            10.4765303
          ],
          [
            -73.2440755,
            10.4762788
          ]
        ]
      },
      "id": "way/1392134069"
    },
    {
      "type": "Feature",
      "properties": {
        "@id": "way/1392134070",
        "highway": "residential",
        "name": "Calle 16A",
        "oneway": "yes"
      },
      "geometry": {
        "type": "LineString",
        "coordinates": [
          [
            -73.2440755,
            10.4762788
          ],
          [
            -73.2443706,
            10.4760705
          ],
          [
            -73.2449241,
            10.4757639
          ]
        ]
      },
      "id": "way/1392134070"
    },
    {
      "type": "Feature",
      "properties": {
        "@id": "way/1416249372",
        "bicycle": "yes",
        "foot": "yes",
        "highway": "residential",
        "name": "Carrera 5"
      },
      "geometry": {
        "type": "LineString",
        "coordinates": [
          [
            -73.2434775,
            10.4767714
          ],
          [
            -73.2432423,
            10.4764575
          ],
          [
            -73.2429323,
            10.4760438
          ],
          [
            -73.2423563,
            10.4753616
          ],
          [
            -73.2422655,
            10.4752495
          ],
          [
            -73.2418663,
            10.474766
          ],
          [
            -73.2414493,
            10.474272
          ]
        ]
      },
      "id": "way/1416249372"
    },
    {
      "type": "Feature",
      "properties": {
        "@id": "way/1416252054",
        "highway": "residential",
        "name": "Carrera 6",
        "oneway": "yes"
      },
      "geometry": {
        "type": "LineString",
        "coordinates": [
          [
            -73.2461704,
            10.4793521
          ],
          [
            -73.2457819,
            10.4787714
          ]
        ]
      },
      "id": "way/1416252054"
    },
    {
      "type": "Feature",
      "properties": {
        "@id": "way/1416252055",
        "highway": "residential",
        "name": "Carrera 6"
      },
      "geometry": {
        "type": "LineString",
        "coordinates": [
          [
            -73.244491,
            10.4769427
          ],
          [
            -73.245088,
            10.4777426
          ],
          [
            -73.2450833,
            10.4777734
          ],
          [
            -73.2451032,
            10.4778018
          ],
          [
            -73.2457819,
            10.4787714
          ]
        ]
      },
      "id": "way/1416252055"
    },
    {
      "type": "Feature",
      "properties": {
        "@id": "way/1432456787",
        "highway": "secondary",
        "name": "Carrera 11",
        "oneway": "yes"
      },
      "geometry": {
        "type": "LineString",
        "coordinates": [
          [
            -73.2477844,
            10.4734443
          ],
          [
            -73.2478146,
            10.4734872
          ]
        ]
      },
      "id": "way/1432456787"
    },
    {
      "type": "Feature",
      "properties": {
        "@id": "way/1432456788",
        "highway": "secondary",
        "name": "Carrera 11",
        "oneway": "yes"
      },
      "geometry": {
        "type": "LineString",
        "coordinates": [
          [
            -73.2478146,
            10.4734872
          ],
          [
            -73.2484111,
            10.4743533
          ],
          [
            -73.2489799,
            10.4751836
          ],
          [
            -73.2492478,
            10.475576
          ],
          [
            -73.2496678,
            10.4761859
          ],
          [
            -73.2501942,
            10.4769452
          ],
          [
            -73.2507595,
            10.4777466
          ],
          [
            -73.2511003,
            10.4782253
          ],
          [
            -73.2515404,
            10.4788743
          ],
          [
            -73.251989,
            10.4795278
          ],
          [
            -73.2525735,
            10.4803793
          ],
          [
            -73.2525794,
            10.480386
          ],
          [
            -73.2530304,
            10.4810388
          ],
          [
            -73.2535023,
            10.4817242
          ],
          [
            -73.2537326,
            10.4820564
          ],
          [
            -73.2539234,
            10.4823315
          ],
          [
            -73.2542682,
            10.4828283
          ],
          [
            -73.254859,
            10.4836906
          ],
          [
            -73.2553193,
            10.4843506
          ],
          [
            -73.2557252,
            10.4849649
          ]
        ]
      },
      "id": "way/1432456788"
    },
    {
      "type": "Feature",
      "properties": {
        "@id": "way/1433185332",
        "highway": "tertiary",
        "name": "Calle 12"
      },
      "geometry": {
        "type": "LineString",
        "coordinates": [
          [
            -73.2509791,
            10.4802033
          ],
          [
            -73.2501565,
            10.4807657
          ],
          [
            -73.2492961,
            10.4813469
          ],
          [
            -73.249078,
            10.4814943
          ],
          [
            -73.2486423,
            10.4817885
          ],
          [
            -73.2481482,
            10.4821224
          ],
          [
            -73.2473216,
            10.4826807
          ],
          [
            -73.2466852,
            10.4831106
          ],
          [
            -73.2466303,
            10.4831504
          ],
          [
            -73.2463997,
            10.4833035
          ],
          [
            -73.2463341,
            10.4833887
          ]
        ]
      },
      "id": "way/1433185332"
    },
    {
      "type": "Feature",
      "properties": {
        "@id": "way/1433185333",
        "highway": "tertiary",
        "name": "Carrera 9",
        "oneway": "yes"
      },
      "geometry": {
        "type": "LineString",
        "coordinates": [
          [
            -73.2509791,
            10.4802033
          ],
          [
            -73.2512105,
            10.4805092
          ],
          [
            -73.251513,
            10.4809038
          ],
          [
            -73.2517227,
            10.4811818
          ],
          [
            -73.2520962,
            10.4816768
          ],
          [
            -73.2526236,
            10.4823701
          ],
          [
            -73.253225,
            10.4831344
          ],
          [
            -73.2534698,
            10.4834455
          ],
          [
            -73.2538428,
            10.4838112
          ],
          [
            -73.2542486,
            10.4840695
          ],
          [
            -73.2547216,
            10.4843221
          ],
          [
            -73.255066,
            10.4845178
          ],
          [
            -73.2552827,
            10.4846562
          ],
          [
            -73.2557252,
            10.4849649
          ]
        ]
      },
      "id": "way/1433185333"
    },
    {
      "type": "Feature",
      "properties": {
        "@id": "way/1453572990",
        "highway": "residential",
        "name": "Calle 13"
      },
      "geometry": {
        "type": "LineString",
        "coordinates": [
          [
            -73.2515404,
            10.4788743
          ],
          [
            -73.2515857,
            10.4788405
          ],
          [
            -73.2521875,
            10.4783961
          ],
          [
            -73.2527329,
            10.4780457
          ],
          [
            -73.2527833,
            10.4780037
          ],
          [
            -73.2533098,
            10.4776615
          ]
        ]
      },
      "id": "way/1453572990"
    },
    {
      "type": "Feature",
      "properties": {
        "@id": "way/1453572991",
        "highway": "residential",
        "name": "Calle 13",
        "oneway": "yes"
      },
      "geometry": {
        "type": "LineString",
        "coordinates": [
          [
            -73.2458538,
            10.4828954
          ],
          [
            -73.246344,
            10.4825547
          ],
          [
            -73.2463935,
            10.4825199
          ],
          [
            -73.246968,
            10.4821161
          ],
          [
            -73.2477485,
            10.4815626
          ],
          [
            -73.2482223,
            10.48123
          ],
          [
            -73.2488386,
            10.4807679
          ],
          [
            -73.249696,
            10.4801705
          ],
          [
            -73.250528,
            10.4796071
          ],
          [
            -73.2511081,
            10.4791743
          ],
          [
            -73.2515404,
            10.4788743
          ]
        ]
      },
      "id": "way/1453572991"
    },
    {
      "type": "Feature",
      "properties": {
        "@id": "way/1462142141",
        "highway": "secondary",
        "lanes": "2",
        "name": "Carrera 11",
        "oneway": "yes",
        "surface": "paved"
      },
      "geometry": {
        "type": "LineString",
        "coordinates": [
          [
            -73.2434416,
            10.4668245
          ],
          [
            -73.2436164,
            10.4670579
          ],
          [
            -73.243937,
            10.4675376
          ],
          [
            -73.2441863,
            10.4679396
          ],
          [
            -73.2448239,
            10.4689133
          ],
          [
            -73.2451338,
            10.4693896
          ],
          [
            -73.2454357,
            10.4698585
          ],
          [
            -73.2458432,
            10.4704913
          ],
          [
            -73.2464293,
            10.4713715
          ],
          [
            -73.2469162,
            10.4721201
          ],
          [
            -73.2472887,
            10.472689
          ],
          [
            -73.2473221,
            10.4727441
          ],
          [
            -73.2477844,
            10.4734443
          ]
        ]
      },
      "id": "way/1462142141"
    },
    {
      "type": "Feature",
      "properties": {
        "@id": "way/1462142143",
        "highway": "residential",
        "name": "Calle 19B"
      },
      "geometry": {
        "type": "LineString",
        "coordinates": [
          [
            -73.2434896,
            10.4700877
          ],
          [
            -73.2426394,
            10.4701878
          ],
          [
            -73.2420566,
            10.4702192
          ],
          [
            -73.2415057,
            10.4702503
          ],
          [
            -73.2409338,
            10.4702818
          ],
          [
            -73.2400859,
            10.4703285
          ],
          [
            -73.2394032,
            10.4703662
          ],
          [
            -73.2386238,
            10.4704091
          ],
          [
            -73.2385139,
            10.4704152
          ],
          [
            -73.2378738,
            10.4704505
          ],
          [
            -73.2371589,
            10.4709406
          ],
          [
            -73.2371178,
            10.4709741
          ]
        ]
      },
      "id": "way/1462142143"
    },
    {
      "type": "Feature",
      "properties": {
        "@id": "way/1462142144",
        "highway": "tertiary",
        "lanes": "2",
        "name": "Carrera 7A",
        "oneway": "yes",
        "surface": "paved"
      },
      "geometry": {
        "type": "LineString",
        "coordinates": [
          [
            -73.2434896,
            10.4700877
          ],
          [
            -73.2435094,
            10.4706642
          ],
          [
            -73.2435794,
            10.4715766
          ],
          [
            -73.2436118,
            10.471899
          ],
          [
            -73.2436163,
            10.47196
          ],
          [
            -73.2436436,
            10.4724736
          ],
          [
            -73.2436823,
            10.4732606
          ],
          [
            -73.2437182,
            10.4741434
          ]
        ]
      },
      "id": "way/1462142144"
    },
    {
      "type": "Feature",
      "properties": {
        "@id": "way/1462142145",
        "highway": "tertiary",
        "lanes": "2",
        "name": "Calle 19B",
        "surface": "paved"
      },
      "geometry": {
        "type": "LineString",
        "coordinates": [
          [
            -73.2435796,
            10.4700794
          ],
          [
            -73.2434896,
            10.4700877
          ]
        ]
      },
      "id": "way/1462142145"
    },
    {
      "type": "Feature",
      "properties": {
        "@id": "way/1462142146",
        "highway": "tertiary",
        "lanes": "2",
        "name": "Carrera 7A",
        "oneway": "yes",
        "surface": "paved"
      },
      "geometry": {
        "type": "LineString",
        "coordinates": [
          [
            -73.2435796,
            10.4700794
          ],
          [
            -73.2435576,
            10.4691996
          ],
          [
            -73.2435168,
            10.4682721
          ],
          [
            -73.2435154,
            10.4682405
          ],
          [
            -73.2435124,
            10.4680091
          ],
          [
            -73.2434574,
            10.4672623
          ],
          [
            -73.2434416,
            10.4668245
          ]
        ]
      },
      "id": "way/1462142146"
    },
    {
      "type": "Feature",
      "properties": {
        "@id": "way/1462142147",
        "highway": "tertiary",
        "oneway": "yes"
      },
      "geometry": {
        "type": "LineString",
        "coordinates": [
          [
            -73.2436222,
            10.4716686
          ],
          [
            -73.2435794,
            10.4715766
          ]
        ]
      },
      "id": "way/1462142147"
    },
    {
      "type": "Feature",
      "properties": {
        "@id": "way/1462142148",
        "highway": "tertiary",
        "lanes": "1",
        "oneway": "yes",
        "surface": "paved"
      },
      "geometry": {
        "type": "LineString",
        "coordinates": [
          [
            -73.2437667,
            10.471882
          ],
          [
            -73.2437001,
            10.4718412
          ],
          [
            -73.243662,
            10.4718389
          ],
          [
            -73.2436287,
            10.4718638
          ],
          [
            -73.2436118,
            10.471899
          ]
        ]
      },
      "id": "way/1462142148"
    },
    {
      "type": "Feature",
      "properties": {
        "@id": "way/1462142151",
        "highway": "residential",
        "lanes": "1",
        "name": "Carrera 7",
        "oneway": "yes",
        "source": "Bing",
        "surface": "paved"
      },
      "geometry": {
        "type": "LineString",
        "coordinates": [
          [
            -73.2437205,
            10.4742207
          ],
          [
            -73.2437326,
            10.4742868
          ],
          [
            -73.2440105,
            10.4746538
          ],
          [
            -73.2444776,
            10.4752016
          ],
          [
            -73.2449241,
            10.4757639
          ],
          [
            -73.245376,
            10.4762933
          ],
          [
            -73.2460514,
            10.477188
          ],
          [
            -73.246646,
            10.4779096
          ],
          [
            -73.2468048,
            10.4781023
          ],
          [
            -73.2471994,
            10.4786003
          ],
          [
            -73.2477099,
            10.4792812
          ],
          [
            -73.2478825,
            10.4795334
          ],
          [
            -73.2482369,
            10.47995
          ],
          [
            -73.2488386,
            10.4807679
          ],
          [
            -73.2492961,
            10.4813469
          ],
          [
            -73.2498924,
            10.4821123
          ],
          [
            -73.2504627,
            10.4828358
          ],
          [
            -73.251024,
            10.4835717
          ],
          [
            -73.2515986,
            10.4843216
          ],
          [
            -73.2521463,
            10.4850412
          ],
          [
            -73.2521593,
            10.4850592
          ],
          [
            -73.2526954,
            10.4857894
          ],
          [
            -73.2527088,
            10.4858214
          ],
          [
            -73.2531975,
            10.4864524
          ],
          [
            -73.2536616,
            10.4870276
          ],
          [
            -73.2541532,
            10.4876711
          ],
          [
            -73.2543065,
            10.4878763
          ],
          [
            -73.2545343,
            10.4881545
          ],
          [
            -73.2549372,
            10.4886966
          ]
        ]
      },
      "id": "way/1462142151"
    },
    {
      "type": "Feature",
      "properties": {
        "@id": "way/1462142152",
        "highway": "residential"
      },
      "geometry": {
        "type": "LineString",
        "coordinates": [
          [
            -73.2432499,
            10.473667
          ],
          [
            -73.2429565,
            10.4732921
          ]
        ]
      },
      "id": "way/1462142152"
    },
    {
      "type": "Feature",
      "properties": {
        "@id": "way/1462142154",
        "highway": "residential"
      },
      "geometry": {
        "type": "LineString",
        "coordinates": [
          [
            -73.2433896,
            10.4753121
          ],
          [
            -73.243683,
            10.4749705
          ],
          [
            -73.2440105,
            10.4746538
          ]
        ]
      },
      "id": "way/1462142154"
    },
    {
      "type": "Feature",
      "properties": {
        "@id": "way/1462142156",
        "highway": "tertiary",
        "lanes": "2",
        "name": "Calle 17",
        "oneway": "yes",
        "surface": "paved"
      },
      "geometry": {
        "type": "LineString",
        "coordinates": [
          [
            -73.2437205,
            10.4742207
          ],
          [
            -73.2437904,
            10.4741702
          ]
        ]
      },
      "id": "way/1462142156"
    },
    {
      "type": "Feature",
      "properties": {
        "@id": "way/1462142157",
        "highway": "tertiary",
        "lanes": "2",
        "oneway": "yes",
        "surface": "paved"
      },
      "geometry": {
        "type": "LineString",
        "coordinates": [
          [
            -73.2437182,
            10.4741434
          ],
          [
            -73.2437205,
            10.4742207
          ]
        ]
      },
      "id": "way/1462142157"
    },
    {
      "type": "Feature",
      "properties": {
        "@id": "way/1462142158",
        "highway": "tertiary",
        "name": "Calle 17",
        "oneway": "yes"
      },
      "geometry": {
        "type": "LineString",
        "coordinates": [
          [
            -73.2437904,
            10.4741702
          ],
          [
            -73.2448721,
            10.4734561
          ],
          [
            -73.2454496,
            10.4731038
          ],
          [
            -73.2459311,
            10.4727791
          ],
          [
            -73.2464404,
            10.4724512
          ],
          [
            -73.2469162,
            10.4721201
          ],
          [
            -73.2469738,
            10.4720774
          ]
        ]
      },
      "id": "way/1462142158"
    },
    {
      "type": "Feature",
      "properties": {
        "@id": "way/1462142159",
        "highway": "tertiary",
        "name": "Carrera 9",
        "oneway": "yes"
      },
      "geometry": {
        "type": "LineString",
        "coordinates": [
          [
            -73.2484837,
            10.4769871
          ],
          [
            -73.2490667,
            10.4777253
          ],
          [
            -73.2493845,
            10.4781286
          ],
          [
            -73.2495519,
            10.4783589
          ],
          [
            -73.2500108,
            10.4789496
          ],
          [
            -73.250528,
            10.4796071
          ],
          [
            -73.2509791,
            10.4802033
          ]
        ]
      },
      "id": "way/1462142159"
    },
    {
      "type": "Feature",
      "properties": {
        "@id": "way/1462142160",
        "highway": "residential",
        "name": "Calle 14"
      },
      "geometry": {
        "type": "LineString",
        "coordinates": [
          [
            -73.2484837,
            10.4769871
          ],
          [
            -73.2477107,
            10.4774907
          ],
          [
            -73.247187,
            10.4778362
          ],
          [
            -73.2468048,
            10.4781023
          ],
          [
            -73.2464219,
            10.4783847
          ],
          [
            -73.2463234,
            10.4784491
          ],
          [
            -73.2461418,
            10.4785678
          ],
          [
            -73.2457819,
            10.4787714
          ],
          [
            -73.2451102,
            10.4791278
          ],
          [
            -73.2444742,
            10.4795
          ],
          [
            -73.2441943,
            10.4796626
          ],
          [
            -73.2440382,
            10.4797506
          ],
          [
            -73.243931,
            10.4798
          ],
          [
            -73.2434713,
            10.4800935
          ],
          [
            -73.2429801,
            10.4803949
          ],
          [
            -73.2425969,
            10.4806002
          ],
          [
            -73.242169,
            10.4808569
          ],
          [
            -73.2417622,
            10.4810859
          ]
        ]
      },
      "id": "way/1462142160"
    },
    {
      "type": "Feature",
      "properties": {
        "@id": "way/1462142161",
        "highway": "residential",
        "lanes": "2",
        "oneway": "yes",
        "surface": "paved"
      },
      "geometry": {
        "type": "LineString",
        "coordinates": [
          [
            -73.2491329,
            10.4764294
          ],
          [
            -73.2484232,
            10.4769124
          ]
        ]
      },
      "id": "way/1462142161"
    },
    {
      "type": "Feature",
      "properties": {
        "@id": "way/1474481293",
        "highway": "residential",
        "name": "Calle 18B",
        "oneway": "yes"
      },
      "geometry": {
        "type": "LineString",
        "coordinates": [
          [
            -73.2427453,
            10.4725059
          ],
          [
            -73.2435276,
            10.4724795
          ],
          [
            -73.2436436,
            10.4724736
          ]
        ]
      },
      "id": "way/1474481293"
    },
    {
      "type": "Feature",
      "properties": {
        "@id": "way/1481067920",
        "bicycle": "yes",
        "foot": "yes",
        "highway": "residential",
        "name": "Carrera 5",
        "oneway": "yes"
      },
      "geometry": {
        "type": "LineString",
        "coordinates": [
          [
            -73.2444965,
            10.4781569
          ],
          [
            -73.2445143,
            10.478185
          ],
          [
            -73.2451102,
            10.4791278
          ]
        ]
      },
      "id": "way/1481067920"
    },
    {
      "type": "Feature",
      "properties": {
        "@id": "way/1493494425",
        "highway": "residential",
        "lanes": "2",
        "name": "Carrera 7",
        "oneway": "yes"
      },
      "geometry": {
        "type": "LineString",
        "coordinates": [
          [
            -73.2425842,
            10.4692166
          ],
          [
            -73.2426394,
            10.4701878
          ]
        ]
      },
      "id": "way/1493494425"
    },
    {
      "type": "Feature",
      "properties": {
        "@id": "way/1493494426",
        "highway": "residential",
        "lanes": "2",
        "name": "Carrera 7",
        "oneway": "yes"
      },
      "geometry": {
        "type": "LineString",
        "coordinates": [
          [
            -73.2424964,
            10.4680699
          ],
          [
            -73.2425614,
            10.468652
          ],
          [
            -73.2425842,
            10.4692166
          ]
        ]
      },
      "id": "way/1493494426"
    },
    {
      "type": "Feature",
      "properties": {
        "@id": "node/986872317",
        "highway": "traffic_signals"
      },
      "geometry": {
        "type": "Point",
        "coordinates": [
          -73.2481863,
          10.4713106
        ]
      },
      "id": "node/986872317"
    },
    {
      "type": "Feature",
      "properties": {
        "@id": "node/986873759",
        "highway": "traffic_signals",
        "traffic_signals": "signal"
      },
      "geometry": {
        "type": "Point",
        "coordinates": [
          -73.2435796,
          10.4700794
        ]
      },
      "id": "node/986873759"
    },
    {
      "type": "Feature",
      "properties": {
        "@id": "node/986873921",
        "highway": "traffic_signals"
      },
      "geometry": {
        "type": "Point",
        "coordinates": [
          -73.2470752,
          10.4751714
        ]
      },
      "id": "node/986873921"
    },
    {
      "type": "Feature",
      "properties": {
        "@id": "node/986873926",
        "highway": "traffic_signals"
      },
      "geometry": {
        "type": "Point",
        "coordinates": [
          -73.2496983,
          10.4735516
        ]
      },
      "id": "node/986873926"
    },
    {
      "type": "Feature",
      "properties": {
        "@id": "node/986876120",
        "highway": "traffic_signals",
        "traffic_signals": "signal"
      },
      "geometry": {
        "type": "Point",
        "coordinates": [
          -73.2448721,
          10.4734561
        ]
      },
      "id": "node/986876120"
    },
    {
      "type": "Feature",
      "properties": {
        "@id": "node/986876599",
        "highway": "traffic_signals",
        "traffic_signals": "signal"
      },
      "geometry": {
        "type": "Point",
        "coordinates": [
          -73.2434896,
          10.4700877
        ]
      },
      "id": "node/986876599"
    },
    {
      "type": "Feature",
      "properties": {
        "@id": "node/986877268",
        "highway": "traffic_signals"
      },
      "geometry": {
        "type": "Point",
        "coordinates": [
          -73.2482572,
          10.4712577
        ]
      },
      "id": "node/986877268"
    },
    {
      "type": "Feature",
      "properties": {
        "@id": "node/986877392",
        "highway": "traffic_signals",
        "traffic_signals": "signal"
      },
      "geometry": {
        "type": "Point",
        "coordinates": [
          -73.243362,
          10.4667269
        ]
      },
      "id": "node/986877392"
    },
    {
      "type": "Feature",
      "properties": {
        "@id": "node/986877417",
        "highway": "traffic_signals",
        "traffic_signals": "signal"
      },
      "geometry": {
        "type": "Point",
        "coordinates": [
          -73.2460832,
          10.473912
        ]
      },
      "id": "node/986877417"
    },
    {
      "type": "Feature",
      "properties": {
        "@id": "node/986880375",
        "highway": "traffic_signals",
        "traffic_signals": "signal"
      },
      "geometry": {
        "type": "Point",
        "coordinates": [
          -73.2434416,
          10.4668245
        ]
      },
      "id": "node/986880375"
    },
    {
      "type": "Feature",
      "properties": {
        "@id": "node/986880924",
        "highway": "traffic_signals"
      },
      "geometry": {
        "type": "Point",
        "coordinates": [
          -73.2497136,
          10.47343
        ]
      },
      "id": "node/986880924"
    },
    {
      "type": "Feature",
      "properties": {
        "@id": "node/986882742",
        "highway": "traffic_signals",
        "traffic_signals": "signal"
      },
      "geometry": {
        "type": "Point",
        "coordinates": [
          -73.2454496,
          10.4731038
        ]
      },
      "id": "node/986882742"
    },
    {
      "type": "Feature",
      "properties": {
        "@id": "node/986886670",
        "highway": "traffic_signals"
      },
      "geometry": {
        "type": "Point",
        "coordinates": [
          -73.2497712,
          10.4735159
        ]
      },
      "id": "node/986886670"
    },
    {
      "type": "Feature",
      "properties": {
        "@id": "node/1782334841",
        "highway": "traffic_signals",
        "traffic_signals": "signal"
      },
      "geometry": {
        "type": "Point",
        "coordinates": [
          -73.2437182,
          10.4741434
        ]
      },
      "id": "node/1782334841"
    },
    {
      "type": "Feature",
      "properties": {
        "@id": "node/9010886592",
        "description": "¡Uno no es suficiente! Brownies melcochudos, crocantes por fuera y suaves por dentro, se ven y saben delicioso!",
        "name": "La Petite Brownies",
        "start_date": "2021-07-12"
      },
      "geometry": {
        "type": "Point",
        "coordinates": [
          -73.2554723,
          10.475296
        ]
      },
      "id": "node/9010886592"
    },
    {
      "type": "Feature",
      "properties": {
        "@id": "node/9252448186",
        "barrier": "gate"
      },
      "geometry": {
        "type": "Point",
        "coordinates": [
          -73.2510692,
          10.4806038
        ]
      },
      "id": "node/9252448186"
    },
    {
      "type": "Feature",
      "properties": {
        "@id": "node/10873574199",
        "crossing": "uncontrolled",
        "crossing:markings": "yes",
        "highway": "crossing"
      },
      "geometry": {
        "type": "Point",
        "coordinates": [
          -73.2440266,
          10.477232
        ]
      },
      "id": "node/10873574199"
    },
    {
      "type": "Feature",
      "properties": {
        "@id": "node/11314507486",
        "leaf_cycle": "deciduous",
        "leaf_type": "broadleaved",
        "natural": "tree"
      },
      "geometry": {
        "type": "Point",
        "coordinates": [
          -73.2463574,
          10.4811565
        ]
      },
      "id": "node/11314507486"
    },
    {
      "type": "Feature",
      "properties": {
        "@id": "node/13352303268",
        "crossing": "uncontrolled",
        "crossing:markings": "yes",
        "highway": "crossing"
      },
      "geometry": {
        "type": "Point",
        "coordinates": [
          -73.2445143,
          10.478185
        ]
      },
      "id": "node/13352303268"
    },
    {
      "type": "Feature",
      "properties": {
        "@id": "node/13678986075",
        "highway": "traffic_signals",
        "traffic_signals": "signal"
      },
      "geometry": {
        "type": "Point",
        "coordinates": [
          -73.2436552,
          10.4742648
        ]
      },
      "id": "node/13678986075"
    }
  ]
}